시군명,시설구분명,공사립구분명,시설명,전화번호,소재지지번주소,소재지도로명주소,소재지우편번호,WGS84위도,WGS84경도
시흥시,어린이집,국공립,시립정왕2동어린이집,031-432-0660,경기도 시흥시 정왕동 1849-8번지,경기도 시흥시 정왕대로118번길 5 (정왕동),15038,37.3511062059,126.7284623912
시흥시,어린이집,국공립,시립정왕보듬이나눔이어린이집,031-431-9555,경기도 시흥시 정왕동 2132번지,경기도 시흥시 경기과기대로 283,15073,37.3398500318,126.7357010116
시흥시,어린이집,국공립,시립정왕본동어린이집,031-319-7934,경기도 시흥시 정왕동 2318-6번지,경기도 시흥시 오동마을로6번안길 17 (정왕동),15049,37.3522341513,126.7440098556
시흥시,어린이집,국공립,시립정왕어린이집,031-496-0015,경기도 시흥시 정왕동 1866-1번지 시립정왕어린이집,경기도 시흥시 정왕대로53번길 38 시립정왕어린이집,15030,37.3576099706,126.7264536283
시흥시,어린이집,국공립,시립종합복지어린이집,031-311-3751,경기도 시흥시 대야동 571-3번지,경기도 시흥시 은행로173번길 14 (대야동),14914,37.4455175348,126.7968163486
시흥시,어린이집,민간,시온어린이집,031-311-5223,경기도 시흥시 신천동 883-13번지,경기도 시흥시 시흥대로1073번길 4-8,14951,37.4324681458,126.7926658768
시흥시,어린이집,가정,아롱별어린이집,031-311-9101,경기도 시흥시 은행동 620번지 은계브리즈힐아파트 1009동 101호,경기도 시흥시 은계중앙로 118 1009동 101호(은계브리즈힐아파트),14923,37.4393609069,126.8028425434
시흥시,어린이집,민간,사랑어린이집,031-315-3344,경기도 시흥시 신천동 822-19번지,경기도 시흥시 신천8길 34-2,14947,37.4366564286,126.7772647130
시흥시,어린이집,사회복지법인,사회복지법인 거모어린이집,031-492-8455,경기도 시흥시 거모동 1730-7번지,경기도 시흥시 한우물로 49 (거모동),15071,37.3468514236,126.7828457345
시흥시,어린이집,사회복지법인,사회복지법인 크레용어린이집,031-317-6900,경기도 시흥시 장현동 533-5번지 크레용 어린이집,경기도 시흥시 시청로72번길 15-2 크레용 어린이집 (장현동),14998,37.3817428970,126.8008235371
시흥시,어린이집,민간,산들어린이집,031-498-7488,경기도 시흥시 정왕동 1187-6번지,경기도 시흥시 군서로36번길 15-1,15052,37.3467765190,126.7489871057
시흥시,어린이집,민간,산호마을어린이집,031-435-4279,경기도 시흥시 월곶동 1011-6번지 풍림2차아파트 관리동1층,경기도 시흥시 월곶중앙로 87-1 풍림2차아파트 관리동1층,14963,37.3897044558,126.7356809117
시흥시,어린이집,가정,삼성어린이집,070-8200-3030,경기도 시흥시 정왕동 2501번지 호반베르디움더프라임 902동 104호,"경기도 시흥시 서울대학로 328 902동 104호(정왕동, 호반베르디움더프라임)",15010,37.3719477129,126.7287572112
시흥시,어린이집,민간,새봄어린이집,031-313-3098,경기도 시흥시 대야동 454-4번지 새봄어린이집,경기도 시흥시 대야로 44 새봄어린이집 (대야동),14905,37.4470768433,126.7907760357
시흥시,어린이집,민간,새싹어린이집,031-311-7575,경기도 시흥시 신천동 825-12번지,경기도 시흥시 신천8길 37-10,14947,37.4361602273,126.7771903593
시흥시,어린이집,민간,새영남어린이집,031-497-6007,경기도 시흥시 정왕동 1873-2번지 영남2차아파트 관리동 새영남어린이집,경기도 시흥시 옥구천동로 420 영남2차아파트관리동 새영남어린이집,15027,37.3574384996,126.7333433758
시흥시,어린이집,민간,새예솔어린이집,031-432-1144,경기도 시흥시 정왕동 2245-3번지,경기도 시흥시 봉우순환로 117-7,15047,37.3572961193,126.7519310782
시흥시,어린이집,가정,샘솟는정원어린이집,031-506-6033,경기도 시흥시 정왕동 1867-3번지 신호새피앙아파트 111동 106호,"경기도 시흥시 옥구천서로373번길 7 111동 106호(정왕동, 신호새피앙아파트)",15030,37.3555862431,126.7257404498
시흥시,어린이집,가정,생각이크는아이들어린이집,031-434-1130,경기도 시흥시 정왕동 1850번지 요진아파트 121동 101호,경기도 시흥시 중심상가로 73 요진아파트121동101호,15039,37.3509368310,126.7259914379
시흥시,어린이집,가정,샬롬어린이집,031-433-8917,경기도 시흥시 정왕동 1863번지 대림1차아파트 6312동 101호,"경기도 시흥시 정왕대로28번길 5 6312동 101호(정왕동, 대림1차아파트)",15041,37.3545381938,126.7212459690
시흥시,어린이집,민간,서해EQ어린이집,031-431-8636,경기도 시흥시 정왕동 1886-3번지 서해1차아파트 관리동,경기도 시흥시 정왕신길로49번길 37 서해 1차 아파트 관리동,15021,37.3610582525,126.7286089452
시흥시,어린이집,가정,성심어린이집,031-503-6749,경기도 시흥시 정왕동 1394번지 아주 103동 106호,"경기도 시흥시 정왕신길로 141 103동 106호(정왕동, 아주)",15025,37.3532555334,126.7346392386
시흥시,어린이집,민간,성천어린이집,031-311-5030,경기도 시흥시 하중동 867-7번지 1층,경기도 시흥시 하중로221번길 8-10 1층 (하중동),14976,37.3914677026,126.8067883814
시흥시,어린이집,민간,세심어린이집,031-314-0056,경기도 시흥시 신천동 889-6번지 세심어린이집,경기도 시흥시 시흥대로 1059 세심어린이집 (신천동),14951,37.4306185021,126.7923555001
시흥시,어린이집,민간,세종어린이집,031-495-7946,경기도 시흥시 거모동 1718-6번지 세종어린이집,경기도 시흥시 군자로481번길 13 세종어린이집 (거모동),15068,37.3479541859,126.7848449364
시흥시,어린이집,가정,센텀다하어린이집,031-319-7922,경기도 시흥시 정왕동 2388번지 센텀베이1차아파트 101동 104호,경기도 시흥시 해송십리로 472-54 센텀베이1차아파트 101동 104호,15010,37.3836511578,126.7348838855
시흥시,어린이집,가정,센텀베이우주어린이집,031-434-1035,경기도 시흥시 정왕동 2388번지 센텀베이1차아파트 104동 101호,경기도 시흥시 해송십리로 472-54 센텀베이1차아파트 104-101,15010,37.3832976468,126.7359718612
시흥시,어린이집,가정,센트럴나래어린이집,031-313-5009,경기도 시흥시 은행동 619번지 은계센트럴타운아파트 509동 103호,경기도 시흥시 은계중앙로 97 509동 103호(은계센트럴타운아파트),14923,37.4405436278,126.8016446182
시흥시,어린이집,가정,센트럴키즈어린이집,031-404-4133,경기도 시흥시 은행동 619번지 LH은계센트럴타운아파트 506동 103호,"경기도 시흥시 은계중앙로 97 506동 103호(은행동, LH은계센트럴타운아파트)",14923,37.4392281057,126.8001986134
시흥시,어린이집,가정,소라어린이집,031-499-4241,경기도 시흥시 정왕동 1851번지 대림2차아파트 7217동 103호,"경기도 시흥시 중심상가로 72 7217동 103호(정왕동, 대림2차아파트)",15039,37.3506288350,126.7257574941
시흥시,어린이집,가정,소망어린이집,031-497-8722,경기도 시흥시 정왕동 1851번지 대림2차아파트 7213동 104호,"경기도 시흥시 중심상가로 74 7213동 104호(정왕동, 대림2차아파트)",15039,37.3497759134,126.7248968748
시흥시,어린이집,민간,솔빛어린이집,031-311-8569,경기도 시흥시 은행동 539-3번지,경기도 시흥시 대은로104번길 34 (은행동),14916,37.4426713711,126.8002117643
시흥시,어린이집,가정,수자인사랑해어린이집,031-311-7377,경기도 시흥시 은행동 661번지 은계한양수자인아파트 904동 106호,경기도 시흥시 은계남로 11 904동 106호(은계한양수자인아파트),14922,37.4331084177,126.8033413644
시흥시,어린이집,민간,숲속마을어린이집,031-317-9790,경기도 시흥시 장곡동 807번지 숲속마을아파트 관리동 1층,"경기도 시흥시 장곡로53번길 10 관리동 1층 (장곡동, 숲속마을아파트)",15002,37.3786265238,126.7801826185
시흥시,어린이집,민간,스랍들어린이집,031-499-0505,경기도 시흥시 정왕동 1976-10번지,경기도 시흥시 오이도중앙로6번길 5-9,15015,37.3470713843,126.6898572747
시흥시,어린이집,가정,스마트어린이집,031-433-1977,경기도 시흥시 정왕동 2501번지 호반베르디움더프라임 909동 102호,"경기도 시흥시 서울대학로 328 909동 102호 (정왕동, 호반베르디움더프라임)",15010,37.3737071315,126.7304107421
시흥시,어린이집,민간,스타어린이집,070-4624-0079,경기도 시흥시 미산동 320-6번지,경기도 시흥시 미산로143번길 15-1,14944,37.4171969650,126.7938152991
시흥시,어린이집,국공립,시립군자어린이집,031-494-5268,경기도 시흥시 거모동 1776-1번지 시립군자어린이집,경기도 시흥시 도일로92번길 9-12 시립군자어린이집 (거모동),15069,37.3396368428,126.7852286191
시흥시,어린이집,국공립,시립능곡주공5단지어린이집,031-317-7172,경기도 시흥시 능곡동 557번지 휴먼시아 502동 1층,경기도 시흥시 능곡중앙로 77 휴먼시아502동 1층 (능곡동),14994,37.3705113692,126.8130460296
시흥시,어린이집,국공립,시립능곡주공7단지어린이집,031-317-7897,경기도 시흥시 능곡동 772번지,경기도 시흥시 승지로 36 택지지구7블럭(능곡동),14995,37.3672560971,126.8097215981
시흥시,어린이집,국공립,시립대야센트럴푸르지오어린이집,031-312-1776,경기도 시흥시 대야동 418-21번지 시흥센트럴푸르지오 관리동 어린이집,경기도 시흥시 수인로3312번길 16 관리동 어린이집,14911,37.4415080464,126.7895398933
시흥시,어린이집,법인·단체,시화원광어린이집,031-431-9309,경기도 시흥시 정왕동 1208-4번지,경기도 시흥시 군서로54번길 5-1 신용동,15052,37.3470766875,126.7465792941
시흥시,어린이집,직장,시흥경찰서어린이집,031-318-3108,경기도 시흥시 장곡동 340번지 시흥경찰서 내 직장어린이집,경기도 시흥시 황고개로 513 시흥경찰서 내 직장어린이집,15002,37.3768086582,126.7881062989
시흥시,어린이집,민간,시흥동그라미어린이집,031-311-3330,"경기도 시흥시 은행동 550번지 대우3차 관리동1,2층","경기도 시흥시 대은로 64 대우3차 관리동1,2층",14918,37.4435386925,126.7959983167
시흥시,어린이집,가정,시흥수정어린이집,031-311-2573,경기도 시흥시 은행동 289-33번지 녹원아파트 102동 112호,"경기도 시흥시 시흥대로1074번길 28 102동 112호(은행동, 녹원아파트)",14921,37.4310462264,126.7960588168
시흥시,어린이집,직장,시흥시청어린이집,031-310-2794,경기도 시흥시 장현동 300번지 어린이집(구관),경기도 시흥시 시청로 20 어린이집(구관),14998,37.3802568167,126.8040790718
시흥시,어린이집,민간,시흥어린이집,031-313-5433,경기도 시흥시 대야동 471-2번지,경기도 시흥시 복지로63번길 13-1,14905,37.4454045120,126.7884742908
시흥시,어린이집,가정,신나는자연어린이집,031-499-6903,경기도 시흥시 정왕동 1790번지 영남6차아파트 607동 103호,"경기도 시흥시 중심상가로 224 607동 103호(정왕동, 영남6차아파트)",15065,37.3419968476,126.7373388071
시흥시,어린이집,가정,신우주어린이집,031-504-5535,경기도 시흥시 장현동 산82-2번지 제일풍경채에듀 903동 102호,"경기도 시흥시 장현순환로 111 903동 102호(장현동, 제일풍경채에듀)",14996,37.3710823000,126.7966985817
시흥시,어린이집,민간,신천예뜰어린이집,031-404-0810,경기도 시흥시 신천동 867-1번지,경기도 시흥시 시흥대로 1119-11,14950,37.4353016428,126.7901976519
시흥시,어린이집,가정,싱글벙글어린이집,031-318-1402,경기도 시흥시 대야동 278번지 벽산아파트 103동 102호,"경기도 시흥시 은행로216번길 13 103동 102호(대야동, 벽산아파트)",14907,37.4475667289,126.7928063756
시흥시,어린이집,민간,썸머힐시흥어린이집,031-495-2007,경기도 시흥시 거모동 1653-1번지,경기도 시흥시 도일로112번길 12 (거모동),15069,37.3403842569,126.7851086429
시흥시,어린이집,가정,쑥쑥예능어린이집,031-498-1314,경기도 시흥시 정왕동 1817-2번지,경기도 시흥시 봉우재로61번길 14-3,15053,37.3488431307,126.7451277479
시흥시,어린이집,가정,아가교실어린이집,031-503-7279,경기도 시흥시 포동 13-3번지 태산아파트 102동 112호,"경기도 시흥시 신현로38번길 15 102동 112호(포동, 태산아파트)",14957,37.4068185186,126.7841953867
시흥시,어린이집,가정,아기둥지어린이집,031-503-2535,경기도 시흥시 대야동 418-21번지 센트럴푸르지오아파트 105동 102호,"경기도 시흥시 수인로3312번길 16 105동 102호(대야동, 센트럴푸르지오아파트)",14911,37.4411888050,126.7904133504
시흥시,어린이집,가정,아기맘어린이집,031-506-3535,경기도 시흥시 정왕동 1850번지 요진아파트 119동 104호,"경기도 시흥시 중심상가로 77 119동 104호(정왕2동, 요진아파트)",15039,37.3514728113,126.7266295154
시흥시,어린이집,가정,아기별어린이집,031-509-2777,경기도 시흥시 정왕동 2502번지 배곧한신더휴 1010동 101호,경기도 시흥시 배곧4로 106-26 1010동 101호(배곧한신더휴),15010,37.3719404453,126.7317953601
시흥시,어린이집,가정,아기소리어린이집,031-311-4279,경기도 시흥시 신천동 946번지 휴먼시아아파트 102동 104호,"경기도 시흥시 시흥대로 1133 102동 104호(신천동, 휴먼시아 아파트)",14950,37.4364580980,126.7906501810
시흥시,어린이집,국공립,시립장곡해솔어린이집,031-0000-0000,경기도 시흥시 장곡동 355-1번지 관리동 어린이집,경기도 시흥시 인선길 39 (관리동 어린이집),15002,37.3769680670,126.7846485990
시흥시,어린이집,국공립,시립장현네이처뷰어린이집,031-317-9220,경기도 시흥시 장현동 170-2번지 네이처뷰,경기도 시흥시 시청로 100 관리동,14996,37.3834660735,126.7995650067
시흥시,어린이집,국공립,시립장곡어울림어린이집,031-404-6543,경기도 시흥시 장곡동 344번지,경기도 시흥시 인선길 14,15002,37.3774625374,126.7874224289
시흥시,어린이집,국공립,시립장현루벤시아1차어린이집,031-503-1005,경기도 시흥시 장곡동 206-2번지 시흥장현루벤시아1차 관리동 어린이집,경기도 시흥시 장곡북로 43 관리동 어린이집,14996,37.3825787244,126.7913274752
시흥시,어린이집,국공립,시립장현리슈빌어린이집,031-312-4001,경기도 시흥시 장현동 488번지 시흥능곡역장현리슈빌퍼스트클래스 관리동 어린이집,경기도 시흥시 장현순환로 130 관리동 어린이집,14996,37.3679287000,126.7953841063
시흥시,어린이집,국공립,시립장현샛별어린이집,031-313-5202,경기도 시흥시 장곡동 관리동 어린이집,경기도 시흥시 동서장곡길 55 관리동 어린이집,15002,37.3819429139,126.7845335700
시흥시,어린이집,국공립,시립장현제일풍경채에듀어린이집,031-311-1441,경기도 시흥시 장현동 산82-2번지 관리동 어린이집,경기도 시흥시 장현순환로 111 관리동 어린이집,14996,37.3710823000,126.7966985817
시흥시,어린이집,국공립,시립대야위브더파크어린이집,031-311-1148,경기도 시흥시 대야동 303-1번지 관리동 어린이집,경기도 시흥시 서해안로 1645 관리동 어린이집,14902,37.4520133221,126.7887847907
시흥시,어린이집,국공립,시립대야이편한세상어린이집,031-365-4585,경기도 시흥시 대야동 692번지 e편한세상 시흥 센텀하임 관리동 어린이집,경기도 시흥시 비둘기공원7길 10 관리동 어린이집,14908,37.4446439262,126.7924043006
시흥시,어린이집,국공립,시립대헌어린이집,031-311-4692,경기도 시흥시 신천동 314-155번지,경기도 시흥시 문화마을로6번길 5-2,14904,37.4431112597,126.7804018538
시흥시,어린이집,국공립,시립매화어린이집,031-311-9980,경기도 시흥시 매화동 203번지,경기도 시흥시 매화로 34 (매화동),14940,37.4165445385,126.8146712204
시흥시,어린이집,국공립,시립목감7단지어린이집,031-405-7173,경기도 시흥시 조남동 662번지 시흥목감엘에이치7단지,경기도 시흥시 목감중앙로 20,14988,37.3764694535,126.8530088268
시흥시,어린이집,국공립,시립목감복지어린이집,031-403-8765,경기도 시흥시 조남동 산9-19번지,경기도 시흥시 목감초등길 45 (조남동),14984,37.3856569106,126.8584310875
시흥시,어린이집,국공립,시립목감중흥S클래스어린이집,031-362-6030,경기도 시흥시 산현동 496번지 목감중흥에스클래스레이크힐스 관리동 어린이집,경기도 시흥시 목감남서로 92-15 관리동 어린이집,14989,37.3751898336,126.8416349419
시흥시,어린이집,국공립,시립대야어린이집,031-318-2300,경기도 시흥시 대야동 491-3번지,경기도 시흥시 복지로 37 (대야동),14909,37.4430432957,126.7885305654
시흥시,어린이집,국공립,시립목감호수품애어린이집,031-486-9200,경기도 시흥시 산현동 514번지 관리동 어린이집,경기도 시흥시 목감남서로 92-12 관리동 어린이집,14989,37.3747390113,126.8432313997
시흥시,어린이집,국공립,시립배곧센텀베이1차어린이집,031-498-9922,경기도 시흥시 정왕동 2388번지 배곧센텀베이1차 관리동 어린이집,경기도 시흥시 해송십리로 472-54 관리동 어린이집,15010,37.3830233134,126.7353646811
시흥시,어린이집,국공립,시립배곧센트로하임어린이집,031-433-1225,경기도 시흥시 정왕동 2503번지 호반베르디움센트로하임아파트 관리동,경기도 시흥시 배곧4로 106-25 관리동,15010,37.3707141589,126.7331179429
시흥시,어린이집,국공립,시립배곧써밋플레이스C2어린이집,031-362-6828,경기도 시흥시 정왕동 2528번지 시흥배곧 C2블럭 호반 써밋플레이스 아파트 관리동 어린이집,경기도 시흥시 서울대학로264번길 12 관리동 어린이집,15011,37.3684758690,126.7257548192
시흥시,어린이집,국공립,시립배곧이지더원2차어린이집,031-498-6633,경기도 시흥시 정왕동 2575번지 시흥배곧신도시이지더원2차에듀그린 관리동 어린이집,경기도 시흥시 서울대학로 100 관리동 어린이집,15012,37.3585356002,126.7123743710
시흥시,어린이집,국공립,시립배곧중흥S클래스어린이집,031-497-3113,경기도 시흥시 정왕동 2381번지 배곧중흥에스클래스 관리동 어린이집,경기도 시흥시 해송십리로 472-11 관리동 어린이집,15010,37.3848290984,126.7330532772
시흥시,어린이집,국공립,시립배곧한라1차어린이집,031-431-6826,경기도 시흥시 정왕동 2566번지 배곧한라비발디캠퍼스아파트,경기도 시흥시 배곧1로 27-15 (배곧한라비발디캠퍼스아파트),15011,37.3641736965,126.7144158989
시흥시,어린이집,국공립,시립배곧한라3차어린이집,031-498-6825,경기도 시흥시 정왕동 2558번지 한라비발디캠퍼스3차 1층 관리동 어린이집,경기도 시흥시 서울대학로 172-20 1층 관리동 어린이집,15011,37.3610271432,126.7183784252
시흥시,어린이집,국공립,시립배곧호반2차어린이집,031-433-4241,경기도 시흥시 정왕동 2501번지 호반베르디움 더프라임,경기도 시흥시 서울대학로 328 (호반베르디움 더프라임),15010,37.3722877457,126.7297588967
시흥시,어린이집,국공립,시립산업단지어린이집,031-433-0990,경기도 시흥시 정왕동 1366-5번지,경기도 시흥시 공단1대로259번길 9 (정왕동),15079,37.3362798573,126.7300251491
시흥시,어린이집,국공립,시립신천어린이집,031-311-9590,경기도 시흥시 신천동 763-9번지,경기도 시흥시 신천로79번길 6,14949,37.4374810344,126.7853955443
시흥시,어린이집,국공립,시립신현어린이집,031-315-4850,경기도 시흥시 포동 20-33번지 시립신현어린이집,경기도 시흥시 신현로 52 시립신현어린이집,14957,37.4055127811,126.7843998928
시흥시,어린이집,국공립,시립월곶어린이집,031-317-5115,경기도 시흥시 월곶동 1012번지,경기도 시흥시 월곶해안로161번길 7 (월곶동),14963,37.3888066559,126.7362322582
시흥시,어린이집,국공립,시립은계7단지어린이집,031-312-8802,경기도 시흥시 은행동 660번지 시흥은계엘에이치7단지,경기도 시흥시 은계중앙로 37 관리동,14922,37.4343695822,126.8001647285
시흥시,어린이집,국공립,시립은계브리즈힐어린이집,031-404-0118,경기도 시흥시 은행동 620번지 시흥은계브리즈힐 관리동 어린이집,경기도 시흥시 은계중앙로 118 관리동 어린이집,14923,37.4392859850,126.8038945217
시흥시,어린이집,국공립,시립은계어반리더스어린이집,031-365-4655,경기도 시흥시 대야동 659번지 엘에이치어반리더스 관리동 어린이집,경기도 시흥시 은계중앙로 325 관리동 어린이집,14923,37.4510294928,126.7976013879
시흥시,어린이집,국공립,시립은계우미린레이크어린이집,031-317-2074,경기도 시흥시 대야동 679번지 시흥은계우미린레이크,경기도 시흥시 계수로 19 관리동,14923,37.4480857051,126.8012579601
시흥시,어린이집,국공립,시립은계한양수자인어린이집,031-313-0032,경기도 시흥시 은행동 661번지 시흥은계한양수자인더클래스,경기도 시흥시 은계남로 11,14922,37.4343743320,126.8024931807
시흥시,어린이집,국공립,시립은계행복어린이집,031-364-8184,경기도 시흥시 대야동 658번지,경기도 시흥시 은계북길 7,14923,37.4490484995,126.7979364675
시흥시,어린이집,국공립,시립장곡어린이집,031-404-5061,경기도 시흥시 장곡동 798-1번지,경기도 시흥시 장곡로70번길 11-8,15002,37.3808535249,126.7802855810
시흥시,어린이집,민간,아뜰리에어린이집,031-403-1008,경기도 시흥시 조남동 700번지 시흥목감엘에이치13단지 관리동,경기도 시흥시 목감둘레로 229-15 관리동,14986,37.3802994060,126.8578103093
시흥시,어린이집,가정,아띠어린이집,031-433-5006,경기도 시흥시 정왕동 2566번지 한라비발디캠퍼스 108동 106호,경기도 시흥시 배곧1로 27-15 한라비발디캠퍼스 108동 106호,15011,37.3636798562,126.7119931155
시흥시,어린이집,민간,아라어린이집,031-499-2366,경기도 시흥시 정왕동 2314-34번지 정왕본동 아라어린이집,경기도 시흥시 오동마을로45번길 27 정왕본동 아라어린이집,15049,37.3538421294,126.7473923972
시흥시,어린이집,가정,아란트리어린이집,031-315-9888,경기도 시흥시 은행동 662번지 은계아란트리아파트 802동 102호,"경기도 시흥시 은계중앙로 8 802동 102호(은행동, 은계아란트리아파트)",14922,37.4322597943,126.8015859518
시흥시,어린이집,국공립,시립장현호반써밋어린이집,031-316-0440,경기도 시흥시 장현동 369번지 관리동 어린이집,경기도 시흥시 장현순환로 58 관리동 어린이집,14996,37.3764824756,126.7953492715
시흥시,어린이집,국공립,시립정왕1동어린이집,031-432-0220,경기도 시흥시 정왕동 1408-9번지,경기도 시흥시 큰솔로27번길 2 (정왕동),15059,37.3402500820,126.7517502255
시흥시,어린이집,가정,물댄동산어린이집,031-431-5230,경기도 시흥시 정왕동 1790번지 영남6차아파트 604동 104호,"경기도 시흥시 중심상가로 224 604동 104호(정왕동, 영남6차아파트)",15065,37.3420856012,126.7385233059
시흥시,어린이집,가정,미니어린이집,031-497-1927,경기도 시흥시 정왕동 1868번지 주공2차아파트 212동 101호,"경기도 시흥시 정왕대로117번길 9 212동 101호(정왕동, 주공2차아파트)",15031,37.3538641325,126.7284228726
시흥시,어린이집,직장,미래키움어린이집,031-317-5678,경기도 시흥시 장현동 300번지 어린이집(신관),경기도 시흥시 시청로 20 어린이집(신관),14998,37.3802568167,126.8040790718
시흥시,어린이집,가정,미르어린이집,031-496-0806,경기도 시흥시 정왕동 2503번지 호반베르디움센트로하임 1116동 101호,경기도 시흥시 배곧4로 106-25 1116동 101호(호반베르디움센트로하임),15010,37.3713528289,126.7343085917
시흥시,어린이집,가정,미주오르다어린이집,031-432-2798,경기도 시흥시 정왕동 1875-2번지 미주아파트 102동 103호,"경기도 시흥시 정왕신길로49번길 26 102동 103호(정왕동, 미주아파트)",15028,37.3596418762,126.7284201847
시흥시,어린이집,가정,바다마을어린이집,031-404-4269,경기도 시흥시 월곶동 994번지 월곶풍림아이원4차아파트 404동 104호,"경기도 시흥시 월곶중앙로14번길 9 404동 104호(월곶동, 월곶풍림아이원4차아파트)",14967,37.3880136868,126.7432779442
시흥시,어린이집,가정,반석어린이집,031-497-9287,경기도 시흥시 정왕동 1870-1번지 신우아파트 103동 104호,"경기도 시흥시 정왕대로117번길 26 103동 104호(정왕동, 신우아파트)",15032,37.3536003162,126.7308193090
시흥시,어린이집,가정,배곧천사어린이집,031-431-6164,경기도 시흥시 정왕동 1772-21번지 시흥배곧신도시대방노블랜드엘리트시티 606동 104호,경기도 시흥시 배곧4로 81-39 606동 104호 (시흥배곧신도시 대방노블랜드 엘리트시티),15010,37.3733909464,126.7372582437
시흥시,어린이집,가정,별다래어린이집,031-433-9630,경기도 시흥시 정왕동 2381번지 s클래스 104동 101호,경기도 시흥시 해송십리로 472-11 배곧중흥s클래스 104-101,15010,37.3839744716,126.7333104889
시흥시,어린이집,가정,별어린이집,031-488-9549,경기도 시흥시 정왕동 1843번지 주공4차아파트 408동 104호,"경기도 시흥시 정왕대로143번길 32 408동 104호(정왕동, 주공4차아파트)",15033,37.3512932366,126.7350543413
시흥시,어린이집,가정,보물섬어린이집,031-404-2680,경기도 시흥시 하중동 826-1번지 동아아파트 102동 107호,경기도 시흥시 하중로133번길 19 동아아파트 102동 107호,14975,37.4001170602,126.8015567204
시흥시,어린이집,가정,보배어린이집,031-499-7177,경기도 시흥시 정왕동 1846번지 계룡1차아파트 111동 102호,"경기도 시흥시 중심상가로 125 111동 102호(정왕동, 계룡1차아파트)",15037,37.3481592776,126.7313151469
시흥시,어린이집,가정,봄봄어린이집,031-431-3736,경기도 시흥시 정왕동 1942-1번지 계룡2차아파트 220동 106호,"경기도 시흥시 정왕대로28번길 4 220동 106호(정왕동, 계룡2차아파트)",15041,37.3561347058,126.7200438583
시흥시,어린이집,민간,봄소리어린이집,031-315-3150,경기도 시흥시 매화동 253-1번지,경기도 시흥시 매화1로 17 (매화동),14939,37.4151828596,126.8130111534
시흥시,어린이집,가정,붕붕이어린이집,031-505-4300,경기도 시흥시 포동 1-71번지 태현신관3차아파트 3동 103호,"경기도 시흥시 신현로12번길 8-1 3동 103호(포동, 태현신관3차아파트)",14957,37.4082904600,126.7861361868
시흥시,어린이집,가정,뽀로로어린이집,031-312-7365,경기도 시흥시 은행동 547-1번지 벽산3차아파트 303동 101호,"경기도 시흥시 은행로 104 303동 101호(은행동, 벽산3차아파트)",14916,37.4408926759,126.7981822400
시흥시,어린이집,가정,사랑가득어린이집,031-8044-1033,경기도 시흥시 대야동 659번지 은계어반리더스아파트 101동 105호,"경기도 시흥시 은계중앙로 325 101동 105호(대야동, 은계어반리더스아파트)",14923,37.4498667882,126.7991272251
시흥시,어린이집,가정,사랑모아어린이집,031-506-7036,경기도 시흥시 산현동 520번지 호반베르디움5차 605동 102호,경기도 시흥시 목감둘레로 80 호반베르디움 5차 605동 102호,14989,37.3707238224,126.8473773667
시흥시,어린이집,가정,사랑숲어린이집,031-499-6919,경기도 시흥시 정왕동 1772-21번지 센텀베이2차 505동 104호,"경기도 시흥시 배곧4로 81-29 505-104(정왕동,센텀베이2차)",15010,37.3760755689,126.7356385220
시흥시,어린이집,민간,시연어린이집,031-497-2115,경기도 시흥시 정왕동 2383번지 배곧이지더원1차아파트,경기도 시흥시 해송십리로 472-12 배곧이지더원1차아파트 관리동,15010,37.3827577647,126.7305554599
시흥시,어린이집,직장,시화병원어린이집,000-0000-0000,경기도 시흥시 정왕동 1842-3번지 시화병원 내 직장어린이집,"경기도 시흥시 군자천로 381-2 (정왕동, 시화병원) 내 직장어린이집",15034,37.3494048165,126.7371396789
시흥시,어린이집,민간,삼성새사랑어린이집,031-317-4928,경기도 시흥시 장곡동 805번지 삼성아파트관리동어린이집,경기도 시흥시 인선길 79 삼성아파트관리동어린이집,15002,37.3780472762,126.7797928330
시흥시,어린이집,가정,새롬어린이집,031-498-5570,경기도 시흥시 정왕동 2575번지 이지더원2차에듀그린 215동 101호,경기도 시흥시 서울대학로 100 이지더원2차 에듀그린 215동 101호,15012,37.3589831666,126.7146168022
시흥시,어린이집,민간,새소망어린이집,031-497-8774,경기도 시흥시 정왕동 1214-1번지 1층,경기도 시흥시  군서로 15-1 1층,15052,37.3443384746,126.7497226478
시흥시,어린이집,가정,새아름어린이집,031-319-5970,경기도 시흥시 정왕동 1789번지 금강 108동 104호,"경기도 시흥시 정왕대로266번길 6 108동 104호(정왕동, 금강)",15065,37.3430641736,126.7393149887
시흥시,어린이집,가정,색동어린이집,031-319-7270,경기도 시흥시 정왕동 1863번지 대림1차아파트 6308동 102호,"경기도 시흥시 중심상가로 13 6308동 102호(정왕동, 대림1차아파트)",15041,37.3542723533,126.7205712374
시흥시,어린이집,가정,샛별어린이집,031-319-5760,경기도 시흥시 정왕동 1844번지 주공5차아파트 503동 101호,"경기도 시흥시 정왕대로143번길 8 503동 101호(정왕동, 주공5차아파트)",15033,37.3508275195,126.7327331630
시흥시,어린이집,가정,샤론어린이집,031-432-4137,경기도 시흥시 정왕동 1872-5번지 삼성아파트 109동 103호,"경기도 시흥시  정왕신길로139번길 7 109동 103호(정왕동, 삼성아파트)",15026,37.3538087894,126.7337754868
시흥시,어린이집,직장,서울대늘푸른어린이집,031-498-1005,경기도 시흥시 정왕동 2555-3번지 서울대학교시흥캠퍼스 내 직장어린이집,경기도 시흥시 서울대학로 190 서울대학교 시흥캠퍼스 내 직장어린이집,15011,37.3629903546,126.7194760303
시흥시,어린이집,사회복지법인,선화어린이집,031-315-1335,경기도 시흥시 신천동 824-5번지,경기도 시흥시 신흥마을4길 16-4,14947,37.4370714630,126.7758590542
시흥시,어린이집,민간,성심예아뜨어린이집,031-316-0400,경기도 시흥시 매화동 247-3번지,경기도 시흥시 매화1로32번길 22 (매화동),14940,37.4161026601,126.8130818564
시흥시,어린이집,가정,세종신나는어린이집,031-319-6679,경기도 시흥시 정왕동 1877-3번지 세종1차아파트 101동 101호,"경기도 시흥시 함송로29번길 54 101동 101호(정왕동, 세종1차아파트)",15019,37.3645000983,126.7353381241
시흥시,어린이집,직장,센트럴병원공동직장어린이집,031-8041-3993,경기도 시흥시 정왕동 1366-11번지 2층,경기도 시흥시 공단1대로 237 2층(신축동),15079,37.3366662115,126.7284520798
시흥시,어린이집,가정,소담어린이집,031-497-1250,경기도 시흥시 정왕동 1872-4번지 영남3차아파트 304동 101호,"경기도 시흥시 역전로 353 304동 101호(정왕동, 영남3차아파트)",15026,37.3564342717,126.7355554593
시흥시,어린이집,가정,소리어린이집,031-507-5402,경기도 시흥시 장곡동 807번지 숲속마을아파트 217동 101호,"경기도 시흥시 장곡로53번길 10 217동 101호(장곡동, 숲속마을아파트)",15002,37.3787096830,126.7820003198
시흥시,어린이집,민간,수자인꿈의어린이집,031-402-3274,경기도 시흥시 논곡동 160-59번지 한양수자인아파트,경기도 시흥시 수인로2421번길 89 관리동(한양수자인아파트),14984,37.3881874846,126.8596747291
시흥시,어린이집,가정,수정어린이집,031-433-2325,경기도 시흥시 정왕동 1875-5번지 건영2차아파트 217동 102호,"경기도 시흥시 옥구천동로 399 217동 102호(정왕동, 건영2차아파트)",15028,37.3582675454,126.7305345493
시흥시,어린이집,가정,숲속어린이집,031-504-0584,경기도 시흥시 월곶동 1010-4번지 진주마을월곶풍림아이원1차아파트 106동 102호,"경기도 시흥시 월곶중앙로70번길 11 106동 102호(월곶동, 진주마을월곶풍림아이원1차아파트)",14964,37.3910349401,126.7379267684
시흥시,어린이집,가정,스마일뷰어린이집,031-318-2508,경기도 시흥시 장현동 170-2번지 네이처뷰아파트 2606동 102호,"경기도 시흥시 시청로 100 2606동 102호 (장현동, 네이처뷰 아파트)",14996,37.3828340811,126.7993901552
시흥시,어린이집,가정,스카이어린이집,031-509-5333,경기도 시흥시 정왕동 2483번지 sk뷰 702동 102호,경기도 시흥시 배곧3로 27-7 sk뷰 702동 102호,15010,37.3769615620,126.7249673243
시흥시,어린이집,국공립,시립능곡어린이집,031-318-9220,경기도 시흥시 능곡동 710번지,경기도 시흥시 능곡로 140 (능곡동),14992,37.3664361226,126.8159742425
시흥시,어린이집,국공립,시립능곡주공13단지어린이집,031-317-1311,경기도 시흥시 능곡동 800번지 휴먼시아13단지 시립능곡13단지어린이집,경기도 시흥시 시흥대로268번길 51 휴먼시아 13단지 시립능곡13단지어린이집,14995,37.3638207389,126.8126214385
시흥시,어린이집,국공립,시립능곡주공9단지어린이집,031-318-1409,경기도 시흥시 능곡동 787번지 휴먼시아9단지 903동 1층,경기도 시흥시 능곡중앙로 34 휴먼시아 9단지 903동 1층 (능곡동),14995,37.3669516728,126.8131688323
시흥시,어린이집,법인·단체,시흥시공공직장어린이집,031-403-6637,경기도 시흥시 조남동 725번지,경기도 시흥시 수풀안길 25,14986,37.3807208037,126.8623926310
시흥시,어린이집,민간,시흥아이사랑어린이집,031-318-1771,경기도 시흥시 대야동 558-2번지,경기도 시흥시 비둘기공원2길 4 (대야동),14911,37.4394606687,126.7923287644
시흥시,어린이집,가정,신기한어린이집,031-432-1481,경기도 시흥시 정왕동 1940-1번지 신동아아파트 207동 102호,"경기도 시흥시 정왕대로27번길 29 207동 102호(정왕동, 신동아아파트)",15029,37.3589830867,126.7227922157
시흥시,어린이집,민간,신동아어린이집,031-497-2616,경기도 시흥시 정왕동 1940-1번지 신동아아파트1단지 관리동 2층,경기도 시흥시 정왕대로27번길 29 신동아 아파트 1단지 관리동 2층,15029,37.3589830867,126.7227922157
시흥시,어린이집,가정,아가소리어린이집,031-312-7393,경기도 시흥시 대야동 275번지 삼보 6동 102호,"경기도 시흥시 은행로 188-15 6동 102호(대야동, 삼보)",14907,37.4477881551,126.7966820416
시흥시,어린이집,가정,아기천사어린이집,031-499-5363,경기도 시흥시 정왕동 1844번지 주공5차아파트 504동 104호,"경기도 시흥시 정왕대로143번길 8 504동 104호(정왕동, 주공5차아파트)",15033,37.3508667198,126.7332182685
시흥시,어린이집,국공립,시립장현루벤시아2차어린이집,031-312-3760,경기도 시흥시 장현동 96번지 시흥장현루벤시아2차 관리동 어린이집,경기도 시흥시 장현장곡로 79 관리동 어린이집,14996,37.3826127018,126.7970201382
시흥시,어린이집,국공립,시립장현모아미래도어린이집,031-314-3558,경기도 시흥시 장현동 산34번지 시흥능곡역모아미래도에듀포레 관리동 어린이집,경기도 시흥시 장현순환로 81 관리동 어린이집,14996,37.3750832579,126.7980278571
시흥시,어린이집,국공립,시립장현행복어린이집,031-311-3155,경기도 시흥시 능곡동 190-6번지 엘에이치4단지,경기도 시흥시 능곡서로 27,14999,37.3698223043,126.8031138645
시흥시,어린이집,국공립,시립목감레이크푸르지오어린이집,031-403-8355,경기도 시흥시 산현동 502번지 목감레이크푸르지오 관리동어린이집,경기도 시흥시 목감남서로 92-30 관리동어린이집,14989,37.3759481056,126.8434580443
시흥시,어린이집,국공립,시립목감어울림어린이집,031-0000-0000,경기도 시흥시 조남동 697번지 목감어울림센터 내 어린이집,경기도 시흥시 목감우회로 23 (목감어울림센터 내 어린이집),14985,37.3816386426,126.8587703013
시흥시,어린이집,국공립,시립목감호반베르디움5차어린이집,031-487-7805,경기도 시흥시 산현동 520번지 호반베르디움더숲 관리동 어린이집,경기도 시흥시 목감둘레로 80 관리동 어린이집(산현동),14989,37.3707642973,126.8481788799
시흥시,어린이집,국공립,시립배곧SK어린이집,031-434-7901,경기도 시흥시 정왕동 2483번지 sk뷰아파트 시립배곧sk어린이집,"경기도 시흥시 배곧3로 27-7 시립배곧sk어린이집(정왕동, sk뷰 아파트)",15010,37.3759517816,126.7235546012
시흥시,어린이집,국공립,시립배곧센텀베이2차어린이집,031-365-5640,경기도 시흥시 정왕동 1772-21번지 배곧센텀베이2차 관리동 어린이집,경기도 시흥시 배곧4로 81-29 관리동 어린이집,15010,37.3761397104,126.7344067608
시흥시,어린이집,국공립,시립배곧써밋플레이스C1어린이집,031-488-9901,경기도 시흥시 정왕동 2511번지 시흥배곧 C1 호반 써밋플레이스 관리동 어린이집,경기도 시흥시 서울대학로278번길 19-13 관리동 어린이집,15010,37.3709989287,126.7270163836
시흥시,어린이집,국공립,시립배곧한라2차어린이집,031-432-4800,경기도 시흥시 정왕동 2564번지 한라비발디캠퍼스2차 1층 관리동어린이집,경기도 시흥시 배곧1로 27-16 1층 관리동어린이집 (정왕동),15011,37.3612272615,126.7145708307
시흥시,어린이집,국공립,시립배곧한신더휴어린이집,031-498-2266,경기도 시흥시 정왕동 2502번지 시흥배곧한신더휴 관리동 어린이집,경기도 시흥시 배곧4로 106-26 관리동 어린이집,15010,37.3722258544,126.7313293955
시흥시,어린이집,국공립,시립배곧호반어린이집,031-319-1947,경기도 시흥시 정왕동 2485번지 호반베르디움아파트 관리동 아파트,경기도 시흥시 배곧3로 27-8 시흥시 정왕동 2485번지 호반베르디움아파트 관리동 아파트,15010,37.3756776549,126.7271151989
시흥시,어린이집,국공립,시립시흥시청역동원어린이집,031-404-4475,경기도 시흥시 광석동 270번지 시흥시청역동원로얄듀크 관리동 어린이집,경기도 시흥시 시흥대로 404 관리동 어린이집,14999,37.3768118756,126.8099389886
시흥시,어린이집,국공립,시립아이들세상어린이집,031-312-9222,경기도 시흥시 은행동 547-6번지,경기도 시흥시 은행로 88,14916,37.4395177180,126.7973585740
시흥시,어린이집,국공립,시립월곶어울림어린이집,031-0000-0000,경기도 시흥시 월곶동 995번지 월곶어울림센터 내 어린이집,경기도 시흥시 월곶중앙로30번안길 7 (월곶어울림센터 내 어린이집),14966,37.3885894767,126.7417019484
시흥시,어린이집,국공립,시립은계센트럴타운어린이집,031-313-2018,경기도 시흥시 은행동 619번지 은계센트럴타운,경기도 시흥시 은계중앙로 97 (은계센트럴타운),14923,37.4392281057,126.8001986134
시흥시,어린이집,국공립,시립은계우미린더퍼스트어린이집,031-314-9370,경기도 시흥시 은행동 621번지 시흥은계우미린더퍼스트 관리동어린이집,경기도 시흥시 은계중앙로 115 관리동어린이집,14923,37.4403218914,126.8037831872
시흥시,어린이집,국공립,시립은계제일풍경채어린이집,031-365-5689,경기도 시흥시 은행동 625번지 관리동 어린이집,경기도 시흥시 은계중앙로 151 관리동 어린이집,14923,37.4400965300,126.8053113480
시흥시,어린이집,국공립,시립은계호반써밋어린이집,031-312-2208,경기도 시흥시 은행동 644번지 시흥은계호반써밋플레이스,경기도 시흥시 은계남로 12 관리동,14922,37.4351025771,126.8037071995
시흥시,어린이집,가정,아람어린이집,031-431-5355,경기도 시흥시 죽율동 752번지 시흥6차푸르지오 2단지 203동 102호,경기도 시흥시 죽율로 36 203-102 시흥6차 푸르지오 2단지,15050,37.3470602473,126.7611212937
시흥시,어린이집,가정,미소어린이집,031-497-8007,경기도 시흥시 정왕동 2564번지 한라비발디캠퍼스2차 208동 104호,경기도 시흥시 배곧1로 27-16 208동 104호(한라비발디캠퍼스2차),15011,37.3622147032,126.7153171356
시흥시,어린이집,민간,미키어린이집,031-433-7979,경기도 시흥시 정왕동 1868번지 주공2단지아파트 관리동,"경기도 시흥시 정왕대로117번길 9 관리동(정왕동, 주공2단지아파트)",15031,37.3535879667,126.7289225124
시흥시,어린이집,민간,바다의별어린이집,031-503-8442,경기도 시흥시 장곡동 828번지 진말대우우성아파트 관리동 1층,경기도 시흥시 진말로 36 진말대우우성아파트 관리동 1층,15002,37.3811375207,126.7869923181
시흥시,어린이집,민간,배곧새솔어린이집,031-498-4322,경기도 시흥시 정왕동 2456번지 배곧골드클래스 106동,경기도 시흥시 배곧4로 81-13 배곧골드클래스 106동(관리동),15010,37.3760638811,126.7324422751
시흥시,어린이집,가정,배곧한신어린이집,031-319-7887,경기도 시흥시 정왕동 2502번지 배곧한신더휴 1006동 103호,경기도 시흥시 배곧4로 106-26 1006동 103호(배곧한신더휴),15010,37.3716545080,126.7307931175
시흥시,어린이집,가정,별빛어린이집,031-410-1605,경기도 시흥시 목감동 406번지 호반베르디움더프라임 1507동 104호,경기도 시흥시 배미골길 23 1507동 104호,14985,37.3840607720,126.8616301194
시흥시,어린이집,가정,별이달이어린이집,031-488-9630,경기도 시흥시 정왕동 2483번지 SK VIEW 706동 103호,"경기도 시흥시 배곧3로 27-7 706동 103호 (정왕4동, SK VIEW)",15010,37.3763363313,126.7244655005
시흥시,어린이집,가정,비발디어린이집,031-503-2755,경기도 시흥시 정왕동 2564번지 배곧한라비발디2차 207동 101호,경기도 시흥시 배곧1로 27-16 207동 101호(배곧한라비발디2차),15011,37.3612272615,126.7145708307
시흥시,어린이집,가정,사과나무어린이집,031-434-4647,경기도 시흥시 정왕동 2483번지 배곧호반SK뷰 708동 104호,경기도 시흥시 배곧3로 27-7 708동 104호(배곧호반SK뷰),15010,37.3757128200,126.7256013724
시흥시,어린이집,가정,사랑꽃어린이집,031-504-5762,경기도 시흥시 산현동 496번지 중흥S클래스 101동 101호,경기도 시흥시 목감남서로 92-15 101동 101호(중흥S클래스),14989,37.3735343470,126.8421802418
시흥시,어린이집,가정,사랑별어린이집,031-316-3934,경기도 시흥시 은행동 632번지 은계네이처포레아파트 1104동 102호,"경기도 시흥시 은계중앙로 140 1104동 102호(은행동, 은계네이처포레아파트)",14923,37.4386723281,126.8053019056
시흥시,어린이집,가정,어반라온어린이집,031-362-5595,경기도 시흥시 대야동 659번지 은계어반리더스아파트 113동 102호,"경기도 시흥시 은계중앙로 325 113동 102호(대야동, 은계어반리더스아파트)",14923,37.4506358478,126.7996175058
시흥시,어린이집,가정,어반어린이집,031-318-7200,경기도 시흥시 대야동 659번지 은계어반리더스아파트 111동 102호,"경기도 시흥시 은계중앙로 325 111동 102호(대야동, 은계어반리더스아파트)",14923,37.4509560951,126.7989022497
시흥시,어린이집,가정,에셀나무어린이집,031-499-4167,경기도 시흥시 정왕동 1869번지 주공3차아파트 311동 101호,"경기도 시흥시 옥구천동로374번길 7 311동 101호(정왕동, 주공3차아파트)",15031,37.3543812642,126.7289369802
시흥시,어린이집,민간,에이스어린이집,031-505-3500,경기도 시흥시 하상동 371-1번지,경기도 시흥시 하상로 12-2,14977,37.3918458072,126.8128852775
시흥시,어린이집,민간,에트라움어린이집,031-497-7978,경기도 시흥시 정왕동 2315-13번지,경기도 시흥시 오동마을로5번길 37 (정왕동),15049,37.3524098618,126.7461195180
시흥시,어린이집,민간,연꽃마을아이솔어린이집,031-318-1877,경기도 시흥시 하상동 368번지 대우삼호 관리동,경기도 시흥시 관곡지로 222 대우삼호 관리동 (하상동),14977,37.3957938516,126.8113466575
시흥시,어린이집,사회복지법인,열린자리어린이집,031-319-0102,경기도 시흥시 정왕동 1800-8번지,경기도 시흥시 정왕대로233번길 27 (정왕동),15055,37.3473732893,126.7408069948
시흥시,어린이집,민간,영남3차어린이집,031-497-5773,경기도 시흥시 정왕동 1872-4번지 영남3차아파트 2층 관리동,경기도 시흥시 역전로 353 관리동2층,15026,37.3572256712,126.7352764306
시흥시,어린이집,가정,아름샘어린이집,031-435-0633,경기도 시흥시 장곡동 829번지 진말삼환한진1차아파트 110동 103호,"경기도 시흥시 진말로 46 110동 103호(장곡동, 진말삼환한진1차아파트)",15002,37.3816649358,126.7862644154
시흥시,어린이집,가정,아이꿈어린이집,031-433-3246,경기도 시흥시 정왕동 1942-2번지 동보 103동 101호,"경기도 시흥시 정왕대로28번길 28 103동 101호(정왕동, 동보)",15041,37.3558757699,126.7176866057
시흥시,어린이집,가정,아이꿈터어린이집,031-503-0288,경기도 시흥시 월곶동 1010-1번지 진주마을월곶풍림아이원2차아파트 202동 101호,"경기도 시흥시 월곶중앙로14번길 87 202동 101호(월곶동, 진주마을월곶풍림아이원2차아파트)",14965,37.3937840670,126.7393223883
시흥시,어린이집,가정,아이나라어린이집,031-433-1004,경기도 시흥시 정왕동 1848-4번지 진로 108동 101호,"경기도 시흥시 중심상가로 104 108동 101호(정왕동, 진로)",15038,37.3490411068,126.7283141670
시흥시,어린이집,민간,아이마루어린이집,031-312-0034,경기도 시흥시 대야동 501번지 1층,경기도 시흥시 복지로 29-3 1층,14909,37.4423184388,126.7879043731
시흥시,어린이집,가정,아이비어린이집,031-313-9501,경기도 시흥시 대야동 659번지 은계어반리더스아파트 107동 102호,"경기도 시흥시 은계중앙로 325 107동 102호(대야동, 은계어반리더스아파트)",14923,37.4516708982,126.7978441217
시흥시,어린이집,가정,아이샛별어린이집,031-506-4088,경기도 시흥시 정왕동 2566번지 한라비발디1차 110동 101호,경기도 시흥시 배곧1로 27-15 한라비발디1차 110동 101호,15011,37.3634933478,126.7110577737
시흥시,어린이집,가정,아이소리어린이집,031-319-5766,경기도 시흥시 정왕동 2564번지 배곧한라비발디캠퍼스2차 204동 101호,경기도 시흥시 배곧1로 27-16 204동 101호(배곧한라비발디캠퍼스2차),15011,37.3613735801,126.7135304084
시흥시,어린이집,가정,아이예뻐어린이집,031-504-5943,경기도 시흥시 정왕동 1846번지 계룡1차아파트 104동 102호,"경기도 시흥시 중심상가로 125 104동 102호(정왕동, 계룡1차아파트)",15037,37.3489900218,126.7315437778
시흥시,어린이집,가정,아이챌린지어린이집,031-404-5281,경기도 시흥시 월곶동 1010-4번지 진주마을월곶풍림아이원1차아파트 109동 102호,"경기도 시흥시 월곶해안로 87 109동 102호(월곶동, 진주마을월곶풍림아이원1차아파트)",14964,37.3906508240,126.7356713032
시흥시,어린이집,민간,아이플러스어린이집,031-432-0951,경기도 시흥시 정왕동 1211-3번지,경기도 시흥시 군서로 49-1,15052,37.3461853232,126.7467349723
시흥시,어린이집,가정,아장아장어린이집,031-506-4650,경기도 시흥시 정왕동 1872-6번지 한신아파트 103동 102호,"경기도 시흥시 정왕신길로111번길 8 103동 102호(정왕동, 한신아파트)",15026,37.3545881712,126.7330336261
시흥시,어린이집,가정,안나어린이집,031-404-2612,경기도 시흥시 정왕동 1873-2번지 영남2차아파트 215동 104호,"경기도 시흥시 옥구천동로 420 215동 104호(정왕동, 영남2차아파트)",15027,37.3566424207,126.7328998066
시흥시,어린이집,가정,한신예다솜어린이집,031-403-4294,경기도 시흥시 조남동 669번지 한신더휴센트럴파크 507동 104호,"경기도 시흥시 목감남서로 35 507동 104호(조남동,한신더휴센트럴파크)",14988,37.3740496713,126.8489749392
시흥시,어린이집,가정,한양수자인어린이집,031-410-2009,경기도 시흥시 논곡동 160-59번지 목감한양수자인아파트 102동 101호,경기도 시흥시 수인로2421번길 89 102-101(목감한양수자인아파트),14984,37.3888486939,126.8602678240
시흥시,어린이집,민간,한일생각나무어린이집,031-431-1403,경기도 시흥시 정왕동 1865번지 한일아파트 관리동 1층,"경기도 시흥시 정왕대로53번길 29 관리동 1층(정왕동, 한일아파트)",15029,37.3580928240,126.7244838859
시흥시,어린이집,민간,해그림어린이집,031-497-0525,경기도 시흥시 정왕동 1876-3번지 부성파스텔아파트 1876동 2층 3호,"경기도 시흥시 옥구천동로 449 1876동 2층 3호(정왕동, 부성파스텔아파트)",15022,37.3604294490,126.7330983975
시흥시,어린이집,가정,해누리어린이집,031-503-0603,경기도 시흥시 조남동 676번지 신안인스빌아파트 804동 104호,경기도 시흥시 목감중앙로 36 804동 104호(신안인스빌아파트),14988,37.3727799953,126.8541360499
시흥시,어린이집,민간,해뜨는어린이집,031-432-7272,경기도 시흥시 정왕동 1851번지 대림2차 관리동내,경기도 시흥시 중심상가로 74 대림2차 관리동내,15039,37.3499449500,126.7259338773
시흥시,어린이집,가정,해빛어린이집,031-404-4806,경기도 시흥시 하상동 368번지 삼호아파트 319동 102호,"경기도 시흥시 관곡지로 222 319동 102호(하상동, 삼호아파트)",14977,37.3958208161,126.8128828837
시흥시,어린이집,민간,해오름어린이집,031-497-1656,경기도 시흥시 정왕동 1790번지 영남6단지 관리동 1층,경기도 시흥시 중심상가로 224 영남6단지 관리동 1층,15065,37.3415982292,126.7398265100
시흥시,어린이집,가정,해와달어린이집,031-499-2816,경기도 시흥시 정왕동 2566번지 한라비발디캠퍼스 109동 106호,경기도 시흥시 배곧1로 27-15 109동 106호(한라비발디캠퍼스),15011,37.3646048237,126.7128304058
시흥시,어린이집,가정,해피포레어린이집,031-411-2522,경기도 시흥시 조남동 680번지 LH포레하임아파트 903동 101호,"경기도 시흥시 목감중앙로 62 903동 101호(조남동, LH포레하임아파트)",14988,37.3716109850,126.8529940858
시흥시,어린이집,민간,햇살어린이집,031-433-2529,경기도 시흥시 정왕동 1787-1번지 정왕동주공아파트 경기도시흥시 중심상가로248,경기도 시흥시 중심상가로 248 경기도시흥시 중심상가로248(정왕동주공아파트),15064,37.3408341869,126.7415614749
시흥시,어린이집,가정,동원꿈동산어린이집,031-504-9211,경기도 시흥시 정왕동 1878-5번지 동원아파트 107동 102호,"경기도 시흥시 봉화로 18 107동 102호(정왕동, 동원아파트)",15017,37.3661230345,126.7354119986
시흥시,어린이집,가정,동화속어린이집,031-319-1055,경기도 시흥시 정왕동 1787-1번지 주공6단지아파트 602동 102호,"경기도 시흥시 중심상가로 248 602동 102호(정왕동, 주공6단지아파트)",15064,37.3404282347,126.7415091112
시흥시,어린이집,민간,동화어린이집,031-315-9003,경기도 시흥시 은행동 299번지,경기도 시흥시 수인로3247번길 110,14921,37.4295496494,126.7960050153
시흥시,어린이집,가정,두산어린이집,031-506-9393,경기도 시흥시 은행동 542번지 두산 102동 103호,"경기도 시흥시 대은로104번길 25 102동 103호(은행동, 두산)",14916,37.4439114473,126.8010932951
시흥시,어린이집,가정,드림키즈어린이집,031-404-1333,경기도 시흥시 대야동 570-1번지 청구1차아파트 104동 103호,"경기도 시흥시 은행로 189 104동 103호(대야동, 청구1차아파트)",14914,37.4467951030,126.7964200125
시흥시,어린이집,민간,그림나라어린이집,031-311-2614,"경기도 시흥시 은행동 276-26번지 성광빌딩 경기도 시흥시 검바위2로 30, 203호","경기도 시흥시 검바위2로 30 경기도 시흥시 검바위2로 30, 203호(은행동 성광빌딩)",14921,37.4319488814,126.7962764238
시흥시,어린이집,민간,글로벌아름나라어린이집,031-317-4685,경기도 시흥시 신천동 874-13번지,경기도 시흥시 시흥대로1089번길 19-7,14951,37.4318078781,126.7892811935
시흥시,어린이집,가정,금모래어린이집,031-435-5522,경기도 시흥시 은행동 549-1번지 대우그린3차아파트 308동 106호,"경기도 시흥시 은행로 107 308동 106호(은행동, 대우그린3차아파트)",14918,37.4417916337,126.7977781865
시흥시,어린이집,가정,꼬꼬마어린이집,031-431-7623,경기도 시흥시 정왕동 1870-3번지 영화아파트 101동 104호,"경기도 시흥시 정왕대로143번길 35 101동 104호(정왕동, 영화아파트)",15032,37.3533017159,126.7334193237
시흥시,어린이집,가정,꼬마사랑어린이집,031-520-8878,경기도 시흥시 은행동 661번지 시흥은계한양수자인더클래스 910동 103호,경기도 시흥시 은계남로 11 910동 103호,14922,37.4343788738,126.8017358120
시흥시,어린이집,가정,꼬마천국어린이집,031-313-5948,경기도 시흥시 월곶동 1016번지 진주마을월곶풍림아이원3차아파트 301동 102호,"경기도 시흥시 월곶중앙로 11 301동 102호(월곶동, 진주마을월곶풍림아이원3차아파트)",14967,37.3863527549,126.7428992734
시흥시,어린이집,가정,꼬마친구어린이집,031-317-1506,경기도 시흥시 은행동 538-1번지 신명 101동 111호,"경기도 시흥시 은행로149번길 13 101동 111호(은행동, 신명)",14917,37.4434162032,126.7981360599
시흥시,어린이집,민간,꽃별어린이집,031-318-7942,경기도 시흥시 능곡동 712번지 신일해피트리아파트 관리동,경기도 시흥시 능곡로 120 신일해피트리아파트 관리동,14995,37.3663906547,126.8174653553
시흥시,어린이집,가정,꿈공장어린이집,031-404-2302,경기도 시흥시 능곡동 802번지 우남퍼스트빌 1403동 102호,"경기도 시흥시 시흥대로268번길 75 1403동 102호(능곡동, 우남퍼스트빌)",14995,37.3642348699,126.8156441466
시흥시,어린이집,가정,초록한신어린이집,070-4065-0707,경기도 시흥시 정왕동 2502번지 한신더휴아파트 1016동 101호,경기도 시흥시 배곧4로 106-26 한신더휴아파트 1016-101,15010,37.3722444004,126.7327974267
시흥시,어린이집,가정,초아어린이집,031-315-3943,경기도 시흥시 매화동 361-6번지 금강1차아파트 101동 111호,"경기도 시흥시 매화우회로 63 101동 111호(매화동, 금강1차아파트)",14940,37.4173878386,126.8093408433
시흥시,어린이집,가정,크레파스어린이집,031-507-9141,경기도 시흥시 정왕동 1878-8번지 대림4차아파트 1310동 101호,"경기도 시흥시 함송로29번길 51 1310동 101호(정왕동, 대림4차아파트)",15017,37.3649259022,126.7356725902
시흥시,어린이집,민간,큰숲어린이집,031-499-1000,경기도 시흥시 정왕동 1998-7번지 큰숲어린이집,경기도 시흥시 오이도중앙로 24-10 큰숲어린이집,15015,37.3464805891,126.6891410555
시흥시,어린이집,가정,키즈베베어린이집,031-504-7270,경기도 시흥시 정왕동 1875-5번지 건영아파트 201동 102호,"경기도 시흥시 옥구천동로 399 201동 102호(정왕동, 건영아파트)",15028,37.3567369128,126.7294097162
시흥시,어린이집,가정,키즈빌 어린이집,031-435-9073,경기도 시흥시 능곡동 782번지 신안인스빌아파트 1208동 103호,"경기도 시흥시 승지로 7 1208동 103호 (신안인스빌아파트, 능곡동)",14995,37.3650786365,126.8088381077
시흥시,어린이집,민간,킨더가든어린이집,031-403-3949,경기도 시흥시 조남동 174-16번지,경기도 시흥시 동서로1051번안길 6-2,14984,37.3832572337,126.8580561827
시흥시,어린이집,가정,토리어린이집,031-431-5020,경기도 시흥시 정왕동 2575번지 이지더원2차에듀그린 212동 104호,경기도 시흥시 서울대학로 100 이지더원2차 에듀그린 212동 104호,15012,37.3580908099,126.7132597850
시흥시,어린이집,가정,퍼니빌어린이집,031-435-9115,경기도 시흥시 능곡동 548번지 현진에버빌아파트 304동 101호,"경기도 시흥시 승지로 88 304동 101호(능곡동, 현진에버빌아파트)",14994,37.3720908667,126.8118570467
시흥시,어린이집,가정,푸르지오어린이집,031-401-8300,경기도 시흥시 산현동 502번지 목감레이크푸르지오아파트 205동 104호,경기도 시흥시 목감남서로 92-30 205동 104호(목감레이크푸르지오아파트),14989,37.3763446264,126.8434432932
시흥시,어린이집,민간,푸른솔어린이집,031-431-2203,경기도 시흥시 정왕동 1186-12번지,경기도 시흥시 군서로46번길 14-1,15052,37.3469522640,126.7482740710
시흥시,어린이집,가정,프라임우정어린이집,031-507-7560,경기도 시흥시 목감동 406번지 호반베르디움더프라임 1505동 104호,경기도 시흥시 배미골길 23 1505동 104호,14985,37.3847152727,126.8626525028
시흥시,어린이집,가정,피터팬어린이집,031-431-4010,경기도 시흥시 죽율동 317-7번지 푸르지오아파트 106동 101호,경기도 시흥시 죽율로 45-10 106동101호(푸르지오아파트),15050,37.3496282184,126.7609719301
시흥시,어린이집,가정,하늘땅별땅어린이집,031-319-0405,경기도 시흥시 정왕동 1886-3번지 서해1차아파트 111동 101호,"경기도 시흥시 정왕신길로49번길 39 111동 101호(정왕동, 서해1차아파트)",15021,37.3618225948,126.7283301027
시흥시,어린이집,가정,꿈을모아어린이집,031-318-4860,경기도 시흥시 장현동 산34번지 모아미래도에듀포레 1105동 102호,"경기도 시흥시 장현순환로 81 1105동 102호(장현동, 모아미래도에듀포레)",14996,37.3741371012,126.7995952925
시흥시,어린이집,민간,꿈자람어린이집,031-435-1003,경기도 시흥시 월곶동 1016번지 풍림3차 관리동 1층,경기도 시흥시 월곶중앙로 11 풍림3차 관리동 1층 (월곶동),14967,37.3865009842,126.7421183485
시흥시,어린이집,가정,나래어린이집,031-317-3233,경기도 시흥시 정왕동 1788-3번지 대우 105동 101호,"경기도 시흥시 정왕대로298번길 6 105동 101호(정왕동, 대우)",15064,37.3415719980,126.7441731991
시흥시,어린이집,민간,네이처포레어린이집,031-311-7675,경기도 시흥시 은행동 632번지 네이처포레아파트 1층 관리동,경기도 시흥시 은계중앙로 140 관리동 1층(네이처포레아파트),14923,37.4380954235,126.8052959347
시흥시,어린이집,민간,노랑어린이집,031-498-9106,경기도 시흥시 정왕동 1214-9번지,경기도 시흥시 군서마을로 14 (정왕동),15052,37.3440061342,126.7499065910
시흥시,어린이집,민간,늘새롬어린이집,031-431-4625,경기도 시흥시 정왕동 1886-4번지,경기도 시흥시 정왕신길로49번길 19 관리동,15021,37.3596616918,126.7273133546
시흥시,어린이집,가정,늠내둥이어린이집,031-8032-8312,경기도 시흥시 은행동 620번지 은계브리즈힐아파트 1002동 103호,경기도 시흥시 은계중앙로 118 1002동 103호(은계브리즈힐아파트),14923,37.4386192158,126.8039346100
시흥시,어린이집,가정,다솜다솜어린이집,031-486-7783,경기도 시흥시 조남동 663번지 가온수플아파트 1004동 101호,"경기도 시흥시  목감중앙로 19 1004동 101호(목감동, 가온수플아파트)",14988,37.3761005213,126.8547739630
시흥시,어린이집,민간,다우리어린이집,031-311-6995,경기도 시흥시 대야동 569-1번지 우성아파트(상가동),경기도 시흥시 은행로 210 우성아파트(상가동),14907,37.4474494658,126.7942997848
시흥시,어린이집,민간,대방엘리트어린이집,031-498-5682,경기도 시흥시 정왕동 1772-21번지 대방노블랜드엘리트시티 관리동1층,"경기도 시흥시 배곧4로 81-39 관리동1층(정왕동, 대방노블랜드엘리트시티)",15010,37.3746535757,126.7373696963
시흥시,어린이집,민간,또래또래어린이집,031-497-3799,경기도 시흥시 정왕동 2293-7번지,경기도 시흥시 마유로443번길 33 (정왕동),15024,37.3541284846,126.7386162011
시흥시,어린이집,가정,또래친구어린이집,031-315-5979,경기도 시흥시 매화동 265-1번지 대성아파트 101동 101호,"경기도 시흥시 매화로 57-9 101동 101호(매화동, 대성아파트)",14941,37.4141426755,126.8154954302
시흥시,어린이집,가정,라임나무어린이집,031-507-1333,경기도 시흥시 은행동 546번지 대우그린1차아파트 102동 104호,"경기도 시흥시 은행로 120 102동 104호(은행동, 대우그린1차아파트)",14916,37.4418978236,126.7989641677
시흥시,어린이집,민간,레인보우어린이집,031-319-9884,경기도 시흥시 정왕동 1843번지 주공4단지아파트 관리동어린이집1층,경기도 시흥시 정왕대로143번길 32 주공4단지아파트 내 관리동어린이집1층,15033,37.3516655034,126.7340795447
시흥시,어린이집,가정,룰루사랑어린이집,031-410-9876,경기도 시흥시 산현동 520번지 호반베르디움더숲아파트 601동 101호,"경기도 시흥시 목감둘레로 80 601동 101호(목감동, 호반베르디움더숲아파트)",14989,37.3719519332,126.8477846067
시흥시,어린이집,민간,리벤티움어린이집,031-506-5333,경기도 시흥시 조남동 678번지 리벤티움아파트,"경기도 시흥시 목감중앙로 45 관리동, 리벤티움아파트",14988,37.3745341194,126.8551375081
시흥시,어린이집,민간,리슈빌빅스맘어린이집,031-316-5577,경기도 시흥시 능곡동 43-1번지 장현마을2단지리슈빌더스테이아파트 관리동,경기도 시흥시 시흥대로360번길 9 장현마을2단지리슈빌더스테이아파트 관리동,14999,37.3747738376,126.8097769491
시흥시,어린이집,가정,리틀엔젤어린이집,031-314-8860,경기도 시흥시 은행동 549-1번지 대우그린3차아파트 305동 106호,"경기도 시흥시 은행로 107 305동 106호(은행동, 대우그린3차아파트)",14918,37.4412757386,126.7974212663
시흥시,어린이집,가정,맑은숲어린이집,031-434-0132,경기도 시흥시 정왕동 1875-5번지 건영2차아파트 202동 104호,"경기도 시흥시 옥구천동로 399 202동 104호(정왕동, 건영2차아파트)",15028,37.3569687510,126.7290234277
시흥시,어린이집,가정,모아어린이집,031-402-7584,경기도 시흥시 조남동 720번지 LH네이처하임아파트 1601동 101호,경기도 시흥시 수풀안길 19-27 1601동 101호(LH네이처하임아파트),14986,37.3791965996,126.8655794673
시흥시,어린이집,가정,목감지혜숲어린이집,031-506-9073,경기도 시흥시 조남동 720번지 네이처하임 1604동 104호,"경기도 시흥시 수풀안길 19-27 1604동 104호(조남동, 네이처하임)",14986,37.3804978270,126.8645067448
시흥시,어린이집,민간,목감퍼스트어린이집,031-485-5550,경기도 시흥시 조남동 706번지 목감퍼스트빌,경기도 시흥시 목감둘레로 229-10 목감퍼스트빌 관리동,14986,37.3792651321,126.8598974342
시흥시,어린이집,가정,무지개어린이집,031-434-5005,경기도 시흥시 정왕동 1869번지 주공3차아파트 307동 101호,"경기도 시흥시 정왕대로117번길 31 307동 101호(정왕동, 주공3차아파트)",15031,37.3546714486,126.7292050046
시흥시,어린이집,가정,도담도담어린이집,031-503-9116,경기도 시흥시 정왕동 1876-2번지 모아아파트 114동 101호,"경기도 시흥시 함송로 36 114동 101호(정왕동, 모아아파트)",15022,37.3614628701,126.7312246370
시흥시,어린이집,가정,도란도란어린이집,031-432-0283,경기도 시흥시 정왕동 1864번지 주공1차아파트 112동 104호,"경기도 시흥시 정왕대로53번길 7 112동 104호(정왕동, 주공1차아파트)",15029,37.3576912519,126.7223538646
시흥시,어린이집,가정,돌보미어린이집,031-498-6477,경기도 시흥시 정왕동 1846번지 계룡1차아파트 111동 104호,"경기도 시흥시 중심상가로 125 111동 104호(정왕동, 계룡1차아파트)",15037,37.3481592776,126.7313151469
시흥시,어린이집,민간,동남EMI어린이집,031-431-3833,경기도 시흥시 정왕동 1862번지 동남,경기도 시흥시 정왕대로28번길 31 동남 관리동,15041,37.3539081067,126.7186442005
시흥시,어린이집,민간,하담어린이집,031-316-0701,경기도 시흥시 월곶동 1011-3번지,경기도 시흥시 월곶중앙로 91-1,14963,37.3898819411,126.7352498369
시흥시,어린이집,가정,하랑어린이집,031-319-4737,경기도 시흥시 죽율동 317-7번지 푸르지오6차 117동 103호,"경기도 시흥시 죽율로 45-10 (죽율동,푸르지오6차)117동 103호",15050,37.3514388110,126.7622300534
시흥시,어린이집,가정,하은별어린이집,031-312-6101,경기도 시흥시 장현동 산34번지 모아미래도에듀포레 1106동 101호,"경기도 시흥시 장현순환로 81 1106동 101호(장현동, 모아미래도에듀포레)",14996,37.3742320973,126.7988941597
시흥시,어린이집,가정,한라베베어린이집,031-504-2660,경기도 시흥시 정왕동 2566번지 한라비빌디캠퍼스 111동 101호,"경기도 시흥시 배곧1로 27-15 111동 101호(정왕4동, 한라비빌디캠퍼스)",15011,37.3643731816,126.7118842296
시흥시,어린이집,가정,한라영재어린이집,031-318-7900,경기도 시흥시 정왕동 2566번지 한라1차아파트 105동 104호,경기도 시흥시 배곧1로 27-15 한라1차아파트 105동 104호,15011,37.3638039423,126.7130307485
시흥시,어린이집,가정,한라키즈어린이집,031-319-0034,경기도 시흥시 정왕동 2566번지 한라비발디1차 112동 104호,경기도 시흥시 배곧1로 27-15 한라비발디 1차 112동 104호,15011,37.3653345777,126.7127776102
시흥시,어린이집,민간,한신숲어린이집,031-439-7991,경기도 시흥시 조남동 669번지 목감한신더휴센트럴파크,경기도 시흥시 목감남서로 35 관리동(목감한신더휴센트럴파크),14988,37.3754359071,126.8502731267
시흥시,어린이집,민간,행복숲어린이집,031-491-6421,경기도 시흥시 거모동 1727-14번지,경기도 시흥시 한우물로 50,15071,37.3468453524,126.7833312722
시흥시,어린이집,민간,행복한도담어린이집,031-313-7932,경기도 시흥시 대야동 443번지,경기도 시흥시 복지로91번길 10-6,14906,37.4481771821,126.7908900077
시흥시,어린이집,민간,행복한베르디움어린이집,031-411-9712,경기도 시흥시 조남동 721번지 호반베르디움더클래스 관리동 행복한베르디움어린이집,경기도 시흥시 수풀안길 19-30 호반베르디움더클래스 관리동 행복한베르디움어린이집,14986,37.3789267815,126.8640117225
시흥시,어린이집,민간,행복한어린이집,031-317-1455,경기도 시흥시 장곡동 824번지 대우3차 관리동 1층,경기도 시흥시 진말로 10 대우3차 관리동 1층,15002,37.3774189925,126.7861804111
시흥시,어린이집,가정,행복한우남어린이집,031-312-1035,경기도 시흥시 은행동 599번지 우남아파트 102동 104호,경기도 시흥시 대은로104번길 11 우남아파트 102동 104호,14916,37.4448799100,126.8002477191
시흥시,어린이집,가정,행복한우리어린이집,031-313-6903,경기도 시흥시 신천동 832-2번지 동진아파트 5동 104호,경기도 시흥시 신흥마을1길 13 동진아파트 5-104,14947,37.4385031690,126.7785695192
시흥시,어린이집,민간,향기어린이집,031-431-1382,경기도 시흥시 정왕동 1877-5번지 보성아파트 1877동 5호,"경기도 시흥시 함송로 61 1877동 5호(정왕동, 보성아파트)",15019,37.3615269079,126.7341487147
시흥시,어린이집,가정,허니비어린이집,031-317-1017,경기도 시흥시 은행동 620번지 은계브리지힐 1007동 101호,경기도 시흥시 은계중앙로 118 은계브리지힐 1007-101,14923,37.4390943903,126.8019746008
시흥시,어린이집,민간,현진어린이집,031-315-3800,경기도 시흥시 대야동 452-9번지,경기도 시흥시 대골길 35-1,14905,37.4479575190,126.7888344952
시흥시,어린이집,가정,호반꿀송이어린이집,031-403-1007,경기도 시흥시 조남동 660번지 호반베르디움아파트 401동 101호,경기도 시흥시 목감남서로 38 401동 101호(호반베르디움아파트),14989,37.3758097390,126.8477737922
시흥시,어린이집,가정,호반늘푸른어린이집,031-488-9407,경기도 시흥시 정왕동 2485번지 호반베르디움 809동 101호,경기도 시흥시 배곧3로 27-8 호반베르디움 809동 101호,15010,37.3744982787,126.7259526894
시흥시,어린이집,가정,호반사랑어린이집,031-503-3815,경기도 시흥시 장현동 369번지 장현호반써밋아파트 1201동 103호,"경기도 시흥시 장현순환로 58 1201동 103호(장현동, 장현호반써밋아파트)",14996,37.3767297325,126.7960020519
시흥시,어린이집,가정,호반어린이집,031-504-3066,경기도 시흥시 정왕동 2485번지 호반베르디움 811동 102호,경기도 시흥시 배곧3로 27-8 호반베르디움 811동 102호,15010,37.3736882826,126.7275196148
시흥시,어린이집,가정,호반우정어린이집,031-520-7560,경기도 시흥시 정왕동 2503번지 호반베르디움센트로하임 1111동 101호,경기도 시흥시 배곧4로 106-25 1111동 101호(호반베르디움센트로하임),15010,37.3703276063,126.7346691172
시흥시,어린이집,가정,호야토야어린이집,031-431-2651,경기도 시흥시 정왕동 1876-3번지 부성파스텔아파트 105동 104호,경기도 시흥시 옥구천동로 451 105-104,15022,37.3602532931,126.7323436123
시흥시,어린이집,가정,희망어린이집,031-491-5935,경기도 시흥시 거모동 1748-19번지,경기도 시흥시 군자로466번길 59 (거모동),15070,37.3431345276,126.7808263629
시흥시,어린이집,민간,힐스테이트해그림어린이집,031-311-2234,경기도 시흥시 능곡동 775번지 상록힐스테이트아파트 관리동,"경기도 시흥시 능곡중앙로 33 관리동  (능곡동,상록힐스테이트아파트)",14995,37.3667218895,126.8108558150
시흥시,어린이집,민간,엔젤키즈어린이집,031-317-9850,경기도 시흥시 하중동 855번지 참이슬아파트 관리동,경기도 시흥시 하중로209번길 9 참이슬아파트 관리동 (하중동),14976,37.3942478015,126.8059154771
시흥시,어린이집,가정,열매어린이집,031-507-9920,경기도 시흥시 정왕동 1875-2번지 미주아파트 106동 101호,"경기도 시흥시 정왕신길로49번길 26 106동 101호(정왕동, 미주아파트)",15028,37.3588600962,126.7287895323
시흥시,어린이집,가정,아이랑어린이집,070-4024-0554,경기도 시흥시 장현동 96번지 장현루벤시아2차 2403동 104호,"경기도 시흥시 장현장곡로 79 2403동 104호(장현동, 장현루벤시아2차)",14996,37.3830224030,126.7961917299
시흥시,어린이집,가정,아이맘어린이집,031-410-3125,경기도 시흥시 조남동 669번지 시흥목감한신더휴센트럴파크아파트 501동 104호,"경기도 시흥시 목감남서로 35 501동 104호 (조남동,시흥목감 한신더휴센트럴파크아파트)",14988,37.3746889299,126.8488451752
시흥시,어린이집,가정,아이빛나어린이집,031-431-0676,경기도 시흥시 정왕동 2575번지 이지더원2차 211동 103호,경기도 시흥시 서울대학로 100 211동 103호(이지더원2차),15012,37.3576010227,126.7141569495
시흥시,어린이집,가정,에코스토리어린이집,031-503-4619,경기도 시흥시 정왕동 2485번지 호반베르디움센트럴파크 808동 101호,경기도 시흥시 배곧3로 27-8 808-101(호반베르디움센트럴파크),15010,37.3747534517,126.7263792534
시흥시,어린이집,가정,아이세상어린이집,031-503-9291,경기도 시흥시 정왕동 1877-3번지 세종1차아파트 103동 101호,"경기도 시흥시 함송로29번길 54 103동 101호(정왕동, 세종1차아파트)",15019,37.3642699909,126.7359954422
시흥시,어린이집,민간,아이숲어린이집,031-318-5225,경기도 시흥시 장곡동 806번지 숲속마을아파트 관리동,경기도 시흥시 인선길 63 숲속마을아파트 관리동,15002,37.3775372398,126.7804076311
시흥시,어린이집,가정,아이조아어린이집,031-497-2142,경기도 시흥시 정왕동 1876-3번지 부성파스텔아파트 101동 101호,"경기도 시흥시 옥구천동로 451 101동 101호(정왕동, 부성파스텔아파트)",15022,37.3597092102,126.7318410087
시흥시,어린이집,가정,아인어린이집,031-506-1240,경기도 시흥시 정왕동 1843번지 주공4차아파트 404동 104호,"경기도 시흥시 정왕대로143번길 32 404동 104호(정왕동, 주공4차아파트)",15033,37.3519948701,126.7348326934
시흥시,어린이집,가정,아주어린이집,031-504-4939,경기도 시흥시 정왕동 1394번지 아주 103동 104호,"경기도 시흥시 정왕신길로 141 103동 104호(정왕동, 아주)",15025,37.3532555334,126.7346392386
시흥시,어린이집,민간,잼잼어린이집,031-311-6939,경기도 시흥시 하중동 823-5번지,경기도 시흥시 하중로125번길 5 (하중동),14975,37.3998666920,126.8003727336
시흥시,어린이집,가정,조은별어린이집,031-312-2838,경기도 시흥시 대야동 278번지 벽산아파트 101동 103호,"경기도 시흥시 은행로216번길 13 101동 103호(대야동, 벽산아파트)",14907,37.4483274771,126.7934097098
시흥시,어린이집,가정,종이나라어린이집,031-498-2571,경기도 시흥시 정왕동 1872-6번지 한신공영 107동 104호,"경기도 시흥시 정왕신길로111번길 8 107동 104호(정왕동, 한신공영)",15026,37.3558639912,126.7337884697
시흥시,어린이집,민간,주공예능어린이집,031-433-2535,경기도 시흥시 정왕동 1864번지 정왕동주공1단지아파트,경기도 시흥시 정왕대로53번길 7 정왕동 주공1단지 아파트,15029,37.3569377915,126.7229149319
시흥시,어린이집,가정,중흥나래어린이집,031-434-1037,경기도 시흥시 정왕동 2381번지 s클래스아파트 106동 102호,경기도 시흥시 해송십리로 472-11 중흥s클래스 아파트 106-102,15010,37.3835872755,126.7319815381
시흥시,어린이집,민간,지혜샘어린이집,031-431-7373,경기도 시흥시 정왕동 2253-1번지,경기도 시흥시 봉우순환로3번길 20-8,15047,37.3591443124,126.7548486680
시흥시,어린이집,가정,지혜숲어린이집,031-433-3966,경기도 시흥시 정왕동 1772-21번지 배곧센텀베이2차 502동 104호,경기도 시흥시 배곧4로 81-29 배곧센텀베이2차 502동 104호,15010,37.3761397104,126.7344067608
시흥시,어린이집,민간,집현전어린이집,031-493-2442,경기도 시흥시 거모동 1736-1번지 아주 상가 402동 2층,경기도 시흥시 군자로492번길 19 아주402동상가2층,15071,37.3455594561,126.7823499707
시흥시,어린이집,민간,참뜰어린이집,031-315-8833,경기도 시흥시 매화동 350-5번지,경기도 시흥시 매화2로48번길 12 (매화동),14940,37.4160784904,126.8089347436
시흥시,어린이집,가정,참사랑영재어린이집,031-434-6674,경기도 시흥시 정왕동 1865번지 한일아파트 109동 101호,"경기도 시흥시 정왕대로53번길 29 109동 101호(정왕동, 한일아파트)",15029,37.3584323580,126.7240287150
시흥시,어린이집,가정,천사어린이집,031-504-4994,경기도 시흥시 정왕동 2485번지 호반베르디움 802동 101호,경기도 시흥시 배곧3로 27-8 호반베르디움 802동 101호,15010,37.3752495295,126.7278085535
시흥시,어린이집,가정,초록꿈어린이집,070-8869-5701,경기도 시흥시 정왕동 2564번지 배곧한라비발디캠퍼스2차 211동 106호,경기도 시흥시 배곧1로 27-16 211동 106(배곧한라비발디캠퍼스2차),15011,37.3625275099,126.7162737439
시흥시,어린이집,가정,고합딩동댕어린이집,031-507-4312,경기도 시흥시 정왕동 1886-5번지 고합아파트 107동 102호,"경기도 시흥시 정왕신길로49번길 7 107동 102호(정왕동, 고합아파트)",15021,37.3593981758,126.7256109532
시흥시,어린이집,민간,광개토어린이집,031-311-4685,경기도 시흥시 신천동 772-22번지,경기도 시흥시 신천로100번안길 13  -1,14950,37.4376875829,126.7867613485
시흥시,어린이집,민간,그레미움어린이집,031-411-2007,경기도 시흥시 조남동 682번지 그레미움아파트,경기도 시흥시 목감중앙로 65 관리동(그레미움아파트),14988,37.3715482900,126.8563715239
시흥시,어린이집,민간,야호어린이집,031-312-7002,경기도 시흥시 은행동 549-1번지 은행동대우3차아파트 관리동,경기도 시흥시 은행로 280 은행동대우3차아파트 관리동,14918,37.4425825003,126.7973864385
시흥시,어린이집,가정,해나라어린이집,031-509-2080,경기도 시흥시 정왕동 1864번지 주공1차아파트 118동 102호,"경기도 시흥시 정왕대로53번길 7 118동 102호(정왕동, 주공1차아파트)",15029,37.3563830602,126.7235416903
시흥시,어린이집,민간,해담솔어린이집,031-498-9908,경기도 시흥시 정왕동 1885-3번지 1층,경기도 시흥시 함송로14번길 25 1층,15020,37.3628349296,126.7287601471
시흥시,어린이집,가정,해맑은꿈어린이집,031-403-8449,경기도 시흥시 논곡동 280번지 산호아파트 101동 102호,"경기도 시흥시 수인로2431번길 13 101동 102호(논곡동, 산호아파트)",14982,37.3951165267,126.8558989043
시흥시,어린이집,민간,해솔어린이집,031-313-4055,경기도 시흥시 하중동 868-1번지,경기도 시흥시 하중로221번길 10 (하중동),14976,37.3922067164,126.8067702789
시흥시,어린이집,가정,해온비어린이집,031-433-4302,경기도 시흥시 정왕동 1394-2번지 영남아파트 409동 101호,경기도 시흥시 정왕신길로139번길 16 영남아파트 409-101,15025,37.3525686797,126.7357527357
시흥시,어린이집,가정,해피아이어린이집,070-4229-5353,경기도 시흥시 정왕동 1875-2번지 미주아파트 109동 101호,"경기도 시흥시 정왕신길로49번길 26 109동 101호(정왕동, 미주아파트)",15028,37.3596384580,126.7292784202
시흥시,어린이집,가정,햇님나라어린이집,031-317-4933,경기도 시흥시 장현동 540번지 새재마을청구5단지아파트 501동 101호,"경기도 시흥시 시청로 71 501동 101호(장현동, 새재마을청구5단지아파트)",14998,37.3806490778,126.7987666508
시흥시,어린이집,민간,동보어린이집,031-433-8042,경기도 시흥시 거모동 612-1번지 동보아파트 관리동 1층,경기도 시흥시 군자로335번길 11 동보아파트 관리동 1층,15044,37.3574378238,126.7732147248
시흥시,어린이집,가정,동원로얄듀크어린이집,031-507-2525,경기도 시흥시 광석동 270번지 동원로얄듀크아파트 104동 105호,"경기도 시흥시 시흥대로 404 104동 105호(광석동, 동원로얄듀크아파트)",14999,37.3768118756,126.8099389886
시흥시,어린이집,가정,두빛나래어린이집,031-439-5400,경기도 시흥시 조남동 706번지 목감퍼스트리움 1405동 101호,"경기도 시흥시 목감둘레로 229-10 1405동 101호 (목감동, 목감퍼스트리움)",14986,37.3805842111,126.8588018702
시흥시,어린이집,가정,영남딩동댕어린이집,031-432-4611,경기도 시흥시 정왕동 1790번지 영남6차아파트 612동 105호,"경기도 시흥시 중심상가로 224 612동 105호(정왕동, 영남6차아파트)",15065,37.3412826350,126.7384072306
시흥시,어린이집,가정,영아나라어린이집,031-311-1819,경기도 시흥시 대야동 274-6번지 영남아파트 1동 106호,"경기도 시흥시 복지로120번길 15-4 1동 106호(대야동, 영남아파트)",14907,37.4493013939,126.7949946418
시흥시,어린이집,가정,예그리나어린이집,031-404-7379,경기도 시흥시 월곶동 1010-1번지 진주마을월곶풍림아이원2차아파트 206동 103호,"경기도 시흥시 월곶중앙로14번길 87 206동 103호(월곶동, 진주마을월곶풍림아이원2차아파트)",14965,37.3926649973,126.7391077557
시흥시,어린이집,가정,예나어린이집,031-432-5887,경기도 시흥시 정왕동 2558번지 한라비발디캠퍼스3차 305동 203호,경기도 시흥시 서울대학로 172-20 305동 203호,15011,37.3610271432,126.7183784252
시흥시,어린이집,가정,예쁜꿈어린이집,031-507-4188,경기도 시흥시 하상동 369번지 연꽃마을금호타운3단지아파트 308동 101호,"경기도 시흥시 하상로 36 308동 101호(하상동, 연꽃마을금호타운3단지아파트)",14977,37.3936064616,126.8134001773
시흥시,어린이집,가정,예쁜별어린이집,031-316-1126,경기도 시흥시 장곡동 206-2번지 루벤시아1차 2106동 104호,"경기도 시흥시 장곡북로 43 2106동 104호(장곡동, 루벤시아1차)",14996,37.3818407322,126.7900128489
시흥시,어린이집,가정,예쁜숲속어린이집,031-503-5307,경기도 시흥시 장곡동 806번지 숲속마을2단지아파트 217동 104호,"경기도 시흥시 인선길 63 217동 104호(장곡동, 숲속마을2단지아파트)",15002,37.3775372398,126.7804076311
시흥시,어린이집,민간,예원어린이집,031-314-0541,경기도 시흥시 신천동 840-5번지 강남맨션,경기도 시흥시 수인로3381번길 32-1 (신천동),14948,37.4383185777,126.7823015983
시흥시,어린이집,민간,예인어린이집,031-317-1248,경기도 시흥시 하중동 871-6번지,경기도 시흥시 하중로231번길 11 (하중동),14976,37.3916245011,126.8073969734
시흥시,어린이집,가정,예지움어린이집,031-487-9752,경기도 시흥시 조남동 169번지 삼호가든아파트 101동 107호,"경기도 시흥시 목감초등길 4 101동 107호(조남동, 삼호가든아파트)",14984,37.3840008569,126.8588857359
시흥시,어린이집,민간,오랜지키즈어린이집,031-319-6060,경기도 시흥시 죽율동 752번지 시흥6차푸르지오2단지,경기도 시흥시 죽율로 36 시흥6차푸르지오 2단지,15050,37.3470602473,126.7611212937
시흥시,어린이집,민간,오즈어린이집,031-316-0360,경기도 시흥시 능곡동 620번지,경기도 시흥시 장현능곡로 219 (능곡동),14995,37.3686281585,126.8147120544
시흥시,어린이집,가정,온새미어린이집,031-503-1102,경기도 시흥시 은행동 619번지 은계센트럴타운 508동 102호,경기도 시흥시 은계중앙로 97 508동 102호(은계센트럴타운),14923,37.4402163506,126.8011728808
시흥시,어린이집,민간,왕눈이어린이집,031-498-1364,경기도 시흥시 정왕동 1974-12번지,경기도 시흥시 오이도로135번길 7 (정왕동),15015,37.3475358834,126.6892426091
시흥시,어린이집,민간,요진어린이집,031-499-7340,경기도 시흥시 정왕동 1850번지 경기도 시흥시 중심상가로 77 요진아파트 관리동1층,경기도 시흥시 중심상가로 77 경기도 시흥시 중심상가로 77 요진아파트 관리동1층,15039,37.3505309393,126.7273279131
시흥시,어린이집,가정,우리사랑어린이집,031-431-9593,경기도 시흥시 정왕동 1844번지 주공5차아파트 506동 104호,"경기도 시흥시 정왕대로143번길 8 506동 104호(정왕동, 주공5차아파트)",15033,37.3510315893,126.7336230613
시흥시,어린이집,민간,우주어린이집,031-318-0579,경기도 시흥시 장곡동 795-6번지,경기도 시흥시 장곡로54번길 27 (장곡동),15002,37.3818854618,126.7824896331
시흥시,어린이집,가정,월곶아이세상어린이집,031-435-1884,경기도 시흥시 월곶동 1016번지 진주마을월곶풍림아이원3차아파트 306동 101호,"경기도 시흥시 월곶중앙로 11 306동 101호(월곶동, 진주마을월곶풍림아이원3차아파트)",14967,37.3855795533,126.7418000391
시흥시,어린이집,민간,월곶자연어린이집,031-435-5656,경기도 시흥시 월곶동 1011-5번지 월곶자연어린이집,경기도 시흥시 월곶중앙로 89 월곶자연어린이집 (월곶동),14963,37.3897666708,126.7355447204
시흥시,어린이집,민간,위브키즈어린이집,031-503-0676,경기도 시흥시 정왕동 1786번지 두산아파트 관리동 1층,경기도 시흥시 중심상가로 286 두산아파트 관리동 1층,15063,37.3395015698,126.7431892182
시흥시,어린이집,민간,유천어린이집,031-432-0715,경기도 시흥시 정왕동 1628번지 시화유천아파트 2층 관리동,경기도 시흥시 중심상가로 349 관리동 2층,15062,37.3359970322,126.7505506729
시흥시,어린이집,민간,은계사임당어린이집,031-311-7727,경기도 시흥시 대야동 582-1번지 가은빌딩 1층,경기도 시흥시 대은로103번길 19 가은빌딩 1층,14915,37.4467671859,126.7977882083
시흥시,어린이집,민간,은하수어린이집,031-404-6868,경기도 시흥시 대야동 472-7번지,경기도 시흥시 대야로 21 (대야동),14905,37.4453291074,126.7894246267
시흥시,어린이집,민간,은혜어린이집,031-313-0798,경기도 시흥시 신천동 887-5번지,경기도 시흥시 신천로19번안길 8 (신천동),14951,37.4314064400,126.7914777570
시흥시,어린이집,민간,이솝어린이집,031-433-0018,경기도 시흥시 죽율동 318-2번지 시흥6차푸르지오 1단지 1층 보육시설,경기도 시흥시 죽율로 45-12 시흥6차푸르지오 1단지 1층 보육시설,15050,37.3497149055,126.7618630415
시흥시,어린이집,가정,자람어린이집,031-431-7446,경기도 시흥시 정왕동 2503번지 호반베르디움 1113동 102호,경기도 시흥시 배곧4로 106-25 호반베르디움 1113동 102호,15010,37.3705952658,126.7356376613
시흥시,어린이집,가정,SK우리어린이집,031-497-9514,경기도 시흥시 정왕동 2483번지 배곧SK뷰아파트 701동 101호,"경기도 시흥시 배곧3로 27-7 701동 101호(정왕동, 배곧SK뷰아파트)",15010,37.3772290654,126.7245240765
시흥시,어린이집,민간,가온수플어린이집,031-439-8687,경기도 시흥시 조남동 663번지 관리동 1층(가온수플어린이집),경기도 시흥시 목감중앙로 19 관리동 1층(가온수플어린이집),14988,37.3771299452,126.8551152836
시흥시,어린이집,민간,강산어린이집,031-503-2717,경기도 시흥시 하상동 373번지,경기도 시흥시 관곡지로 266 (하상동),14977,37.3912463444,126.8152066155
시흥시,어린이집,가정,거모무지개어린이집,031-491-0889,"경기도 시흥시 거모동 1752-1번지 주신맨션 경기도 시흥시 군자로466번길82-1, 102호","경기도 시흥시 군자로466번길 82-1 경기도 시흥시 군자로466번길82-1, 102호(거모동,주신맨션)",15070,37.3428433562,126.7833467278
시흥시,어린이집,가정,경남예성어린이집,031-314-5688,경기도 시흥시 신천동 943-1번지 경남아너스빌아파트 101동 102호,"경기도 시흥시 시흥대로 1119-3 101동 102호(신천동, 경남아너스빌아파트)",14950,37.4341586790,126.7904910293
시흥시,어린이집,민간,자연사랑어린이집,031-317-8164,경기도 시흥시 장곡동 829번지 관리동1층 자연사랑어린이집,경기도 시흥시 진말로 46-1 관리동1층 자연사랑어린이집,15002,37.3814563165,126.7875427754
시흥시,어린이집,가정,자연앤어린이집,031-317-6424,경기도 시흥시 능곡동 554번지 자연앤아파트 404동 101호,"경기도 시흥시 승지로 78 404동 101호(능곡동, 자연앤아파트)",14994,37.3698983558,126.8114817943
시흥시,어린이집,가정,두산큰별어린이집,031-506-4833,경기도 시흥시 대야동 303-1번지 대야두산위브더파크 104동 103호,"경기도 시흥시 서해안로 1645 104동 103호(대야동, 대야두산위브더파크)",14902,37.4520133221,126.7887847907
시흥시,어린이집,민간,딩동댕어린이집,031-432-5285,경기도 시흥시 정왕동 1873-3번지 월드아파트 상가 2층,경기도 시흥시 옥구천동로 404 월드아파트 상가 2층,15027,37.3552565325,126.7318525139
시흥시,어린이집,가정,루벤시아어린이집,000-0000-0000,경기도 시흥시 장곡동 206-2번지 장현루벤시아1차 2101동 101호,"경기도 시흥시 장곡북로 43 2101동 101호(장곡동, 장현루벤시아1차)",14996,37.3815326568,126.7912469560
시흥시,어린이집,가정,리더스어린이집,031-520-9070,경기도 시흥시 대야동 659번지 엘에이치어반리더스 112동 101호,경기도 시흥시 은계중앙로 325 112동 101호,14923,37.4511567963,126.7993073890
시흥시,어린이집,가정,리슈빌도레미어린이집,031-314-8898,경기도 시흥시 장현동 488번지 리슈빌퍼스트클래스 1007동 103호,"경기도 시흥시 장현순환로 130 1007동 103호(장현동, 리슈빌퍼스트클래스)",14996,37.3679287000,126.7953841063
시흥시,어린이집,가정,리슈빌아이다움어린이집,031-314-2613,경기도 시흥시 장현동 488번지 시흥능곡역장현리슈빌퍼스트클래스 1006동 103호,경기도 시흥시 장현순환로 130 1006동 103호,14996,37.3679287000,126.7953841063
시흥시,어린이집,가정,맑은샘어린이집,031-432-9887,경기도 시흥시 정왕동 1886-4번지 서해2차아파트 217동 102호,"경기도 시흥시 정왕신길로49번길 19 217동 102호(정왕동, 서해2차아파트)",15021,37.3596616918,126.7273133546
시흥시,어린이집,가정,맘엔아이어린이집,031-431-6610,경기도 시흥시 정왕동 2503번지 호반베르디움 1104동 101호,경기도 시흥시 배곧4로 106-25 호반베르디움 1104동 101호,15010,37.3691137142,126.7337327918
시흥시,어린이집,민간,목감신안인스빌어린이집,031-405-4758,경기도 시흥시 조남동 676번지 목감신안인스빌아파트 1층,경기도 시흥시 목감중앙로 36 1층 관리동(목감신안인스빌아파트),14988,37.3727799953,126.8541360499
시흥시,어린이집,가정,무지개스쿨어린이집,031-319-0208,경기도 시흥시 정왕동 1864번지 주공1차아파트 105동 104호,"경기도 시흥시 정왕대로53번길 7 105동 104호(정왕동, 주공1차아파트)",15029,37.3562667441,126.7223008122
시흥시,어린이집,가정,무진꾸러기어린이집,031-433-9100,경기도 시흥시 정왕동 1629번지 무진아파트 103동 102호,"경기도 시흥시 중심상가로 348 103동 102호(정왕동, 무진아파트)",15062,37.3355166891,126.7501377704
시흥시,어린이집,가정,호반뜰어린이집,031-431-3125,경기도 시흥시 정왕동 2501번지 호반베르디움더프라임2차 912동 103호,경기도 시흥시 서울대학로 328 호반베르디움더프라임 2차 912동 103호,15010,37.3734921091,126.7292270490
시흥시,어린이집,가정,호반아이조아어린이집,031-311-5312,경기도 시흥시 장현동 369번지 호반써밋아파트 1203동 103호,"경기도 시흥시 장현순환로 58 1203동 103호(장현동, 호반써밋아파트)",14996,37.3752513703,126.7959819862
시흥시,어린이집,가정,호수아이어린이집,031-411-8753,경기도 시흥시 산현동 514번지 호수품애아파트 306동 102호,"경기도 시흥시 목감남서로 92-12 306동 102호 (목감동, 호수품애아파트)",14989,37.3744936456,126.8428721178
시흥시,어린이집,가정,자연어린이집,031-433-6903,경기도 시흥시 정왕동 1875-1번지 영남1차아파트 107동 103호,"경기도 시흥시 정왕신길로49번길 8 107동 103호(정왕동, 영남1차아파트)",15028,37.3584424023,126.7283195453
시흥시,어린이집,가정,작은소나무어린이집,031-313-3530,경기도 시흥시 신천동 871-4번지 우남한신아파트 101동 103호,"경기도 시흥시 시흥대로1073번길 39 101동 103호(신천동, 우남한신아파트)",14951,37.4319459667,126.7882626172
시흥시,어린이집,민간,장현어린이집,031-404-2023,경기도 시흥시 장현동 538-3번지 새재타운 107호,경기도 시흥시 시청로 74 새재타운 107호,14998,37.3809067342,126.7996565841
시흥시,어린이집,가정,재능스쿨어린이집,031-431-9082,경기도 시흥시 정왕동 1850번지 요진 115동 104호,"경기도 시흥시 중심상가로 77 115동 104호(정왕동, 요진)",15039,37.3521404427,126.7267242852
시흥시,어린이집,가정,정왕새싹어린이집,031-504-8974,경기도 시흥시 정왕동 1942-1번지 계룡2차아파트 202동 101호,"경기도 시흥시 정왕대로28번길 8 202동 101호(정왕동, 계룡2차아파트)",15041,37.3570923968,126.7190176929
시흥시,어린이집,가정,조이조이어린이집,031-520-7883,경기도 시흥시 정왕동 1874-2번지 화성아파트 109동 101호,"경기도 시흥시 역전로 375-8 109동 101호(정왕동, 화성아파트)",15023,37.3588914339,126.7336108963
시흥시,어린이집,가정,주공동화나라어린이집,031-498-5767,경기도 시흥시 정왕동 1862번지 동남 111동 103호,"경기도 시흥시 정왕대로28번길 29 111동 103호(정왕동, 동남)",15041,37.3532943289,126.7198812984
시흥시,어린이집,가정,주닮어린이집,031-431-1909,경기도 시흥시 정왕동 1862번지 동남 110동 104호,"경기도 시흥시 정왕대로28번길 29 110동 104호(정왕동, 동남)",15041,37.3532441955,126.7204802481
시흥시,어린이집,가정,중흥사랑어린이집,031-319-3345,경기도 시흥시 정왕동 2381번지 s클래스 117동 101호,경기도 시흥시 해송십리로 472-11 배곧중흥s클래스 117-101,15010,37.3848290984,126.7330532772
시흥시,어린이집,가정,중흥푸른숲어린이집,031-365-4155,경기도 시흥시 산현동 496번지 중흥s클래스 102동 103호,경기도 시흥시 목감남서로 92-15 중흥s클래스 102동 103호,14989,37.3735122350,126.8414463076
시흥시,어린이집,민간,지혜와꿈의세상어린이집,031-433-1713,경기도 시흥시 정왕동 1880-3번지,경기도 시흥시 함송로13번길 10,15020,37.3644170255,126.7308670060
시흥시,어린이집,가정,진주이레어린이집,031-314-0279,경기도 시흥시 정왕동 2381번지 s클래스 112동 101호,경기도 시흥시 해송십리로 472-11 배곧중흥s클래스 112-101,15010,37.3844558877,126.7311028991
시흥시,어린이집,가정,참다솜어린이집,031-431-5980,경기도 시흥시 정왕동 1940-1번지 신동아아파트 209동 105호,"경기도 시흥시 정왕대로27번길 29 209동 105호(정왕동, 신동아아파트)",15029,37.3589830867,126.7227922157
시흥시,어린이집,가정,참빛가득한어린이집,031-403-4228,경기도 시흥시 논곡동 280번지 산호아파트 101동 104호,"경기도 시흥시 수인로2431번길 13 101동 104호(논곡동, 산호아파트)",14982,37.3951165267,126.8558989043
시흥시,어린이집,민간,참좋은어린이집,031-405-9109,경기도 시흥시 조남동 174-12번지,경기도 시흥시 동서로1051번길 21-1,14984,37.3822687724,126.8569576415
시흥시,어린이집,민간,천사몬테소리어린이집,031-431-1777,경기도 시흥시 정왕동 2303-5번지,경기도 시흥시 역전로302번길 8-1,15024,37.3523886572,126.7399886978
시흥시,어린이집,민간,청솔어린이집,031-433-8267,경기도 시흥시 정왕동 1847번지 청솔아파트 청솔어린이집,"경기도 시흥시 중심상가로 128 (정왕동,청솔아파트) 청솔어린이집",15037,37.3466015386,126.7301794316
시흥시,어린이집,민간,환희어린이집,031-315-6722,경기도 시흥시 포동 3-35번지,경기도 시흥시 신현로12번길 27 (포동),14957,37.4084092691,126.7849147169
시흥시,어린이집,민간,흰백합몬테소리어린이집,031-315-4488,경기도 시흥시 대야동 484-16번지,경기도 시흥시 문화마을로16번길 46-1,14904,37.4451203425,126.7847011160
시흥시,어린이집,가정,예꿈어린이집,031-503-8852,경기도 시흥시 월곶동 1010-1번지 월곶동풍림2차아파트 204동 104호,"경기도 시흥시 월곶중앙로14번길 87 204동 104호(월곶동, 월곶동풍림2차아파트)",14965,37.3932670529,126.7388192408
시흥시,어린이집,가정,예쁜나라어린이집,031-493-2559,경기도 시흥시 죽율동 317-7번지 시흥6차푸르지오1단지 113동 103호,"경기도 시흥시 죽율로 45-10 113동 103호(정왕동, 시흥6차푸르지오1단지)",15050,37.3499783293,126.7621878923
시흥시,어린이집,가정,초록별어린이집,031-311-7953,경기도 시흥시 대야동 547번지 청구2차아파트 205동 103호,"경기도 시흥시 비둘기공원7길 47 205동 103호(대야동, 청구2차아파트)",14912,37.4419222514,126.7924751495
시흥시,어린이집,민간,계룡해솔어린이집,031-432-1980,경기도 시흥시 정왕동 1942-1번지 계룡2차아파트 관리동1층 어린이집,경기도 시흥시 정왕대로28번길 8 계룡2차아파트 관리동1층 어린이집,15041,37.3559452047,126.7186456668
시흥시,어린이집,민간,고은별Art어린이집,031-317-4645,경기도 시흥시 하상동 378-4번지,경기도 시흥시 상직길 47 (하상동),14977,37.3905062816,126.8150438956
시흥시,어린이집,민간,고은어린이집,031-432-7758,경기도 시흥시 정왕동 1191-2번지,경기도 시흥시 군서로18번길 19 (정왕동),15052,37.3459404528,126.7507566847
시흥시,어린이집,가정,골드어린이집,031-432-2100,경기도 시흥시 정왕동 2456번지 배곧골드클래스 103동 102호,경기도 시흥시 배곧4로 81-13 103동 102호(배곧골드클래스),15010,37.3758316600,126.7313829547
시흥시,어린이집,민간,공단선교어린이집,031-497-2221,경기도 시흥시 정왕동 1212-6번지,경기도 시흥시 군서로 37 (정왕동),15052,37.3454894111,126.7478596349
시흥시,어린이집,가정,구름빵어린이집,031-312-5280,경기도 시흥시 은행동 549-1번지 대우그린3차아파트 310동 104호,"경기도 시흥시 은행로 107 310동 104호(은행동, 대우그린3차아파트)",14918,37.4417916337,126.7977781865
시흥시,어린이집,민간,그린아이어린이집,031-520-5004,경기도 시흥시 월곶동 994번지 월곶풍림아이원4차아파트 405동,"경기도 시흥시 월곶중앙로14번길 9 405동(월곶동, 월곶풍림아이원4차아파트)",14967,37.3886753246,126.7438474141
시흥시,어린이집,민간,그림동화in호반어린이집,031-507-7114,경기도 시흥시 조남동 660번지 목감호반베르디움더레이크아파트 1층,경기도 시흥시 목감남서로 38 1층 관리동(목감호반베르디움더레이크아파트),14989,37.3767219475,126.8481047355
시흥시,어린이집,민간,금강어린이집,031-431-2177,경기도 시흥시 정왕동 1789번지 금강 관리동내,경기도 시흥시 정왕대로266번길 4 금강 관리동내,15065,37.3431587747,126.7414139095
시흥시,어린이집,가정,금빛몬테소리어린이집,031-498-2966,경기도 시흥시 정왕동 1786번지 두산 120동 106호,"경기도 시흥시 중심상가로 286 120동 106호(정왕동, 두산)",15063,37.3379924890,126.7440058713
시흥시,어린이집,가정,꼬마별어린이집,031-504-5200,경기도 시흥시 정왕동 2485번지 호반베르디움센트럴파크 805동 102호,경기도 시흥시 배곧3로 27-8 805동 102호(호반베르디움센트럴파크),15010,37.3741781577,126.7280002455
시흥시,어린이집,가정,꼬마양어린이집,031-405-7591,경기도 시흥시 산현동 502번지 목감레이크푸르지오 203동 101호,경기도 시흥시 목감남서로 92-30 203동 101호(목감레이크푸르지오),14989,37.3761508934,126.8426430610
시흥시,어린이집,가정,꼬마천사어린이집,031-507-3059,경기도 시흥시 정왕동 1869번지 주공3차아파트 308동 101호,"경기도 시흥시 옥구천동로374번길 7 308동 101호(정왕동, 주공3차아파트)",15031,37.3543812642,126.7289369802
시흥시,어린이집,가정,꽃누리어린이집,031-433-5954,경기도 시흥시 정왕동 2503번지 호반베르디움센트로하임아파트 1114동 102호,"경기도 시흥시 배곧4로 106-25 1114동 102호 (정왕동, 호반베르디움센트로하임아파트)",15010,37.3708628103,126.7351944885
시흥시,어린이집,가정,꾸러기어린이집,031-318-3430,경기도 시흥시 월곶동 1010-4번지 진주마을월곶풍림아이원1차아파트 113동 106호,"경기도 시흥시 월곶해안로 87 113동 106호(월곶동, 진주마을월곶풍림아이원1차아파트)",14964,37.3906508240,126.7356713032
시흥시,어린이집,가정,예쁜성원어린이집,031-314-0566,경기도 시흥시 은행동 538-2번지 시흥성원아파트 101동 101호,"경기도 시흥시 은행로149번길 3 101동 101호(은행동, 시흥성원아파트)",14917,37.4425740726,126.7990030769
시흥시,어린이집,가정,예삐어린이집,031-494-0402,경기도 시흥시 거모동 1715-2번지 유호아파트 102동 104호,"경기도 시흥시 황고개로206번길 43 102동 104호(거모동, 유호아파트)",15068,37.3486990656,126.7857975644
시흥시,어린이집,가정,예은건영어린이집,031-434-3369,경기도 시흥시 정왕동 1788-1번지 시화평안마을건영5차아파트 511동 104호,"경기도 시흥시 중심상가로 247 511동 104호(정왕동, 시화평안마을건영5차아파트)",15064,37.3415317419,126.7421076406
시흥시,어린이집,가정,예하어린이집,031-432-9469,경기도 시흥시 정왕동 1789번지 금강 116동 103호,"경기도 시흥시 정왕대로266번길 4 116동 103호(정왕동, 금강)",15065,37.3431587747,126.7414139095
시흥시,어린이집,민간,오이도초록별어린이집,031-319-9898,경기도 시흥시 정왕동 2032-10번지 1층,경기도 시흥시 오이도로135번길 69 1층,15015,37.3421411806,126.6872685086
시흥시,어린이집,민간,온누리어린이집,031-315-1965,경기도 시흥시 은행동 289-1번지,경기도 시흥시 시흥대로1074번길 26 (은행동),14921,37.4310887333,126.7956289092
시흥시,어린이집,가정,옹기종기어린이집,031-318-4890,경기도 시흥시 하중동 855번지 참이슬마을아파트 210동 103호,"경기도 시흥시 하중로209번길 9 210동 103호(하중동, 참이슬마을아파트)",14976,37.3942717232,126.8053842807
시흥시,어린이집,가정,꿈나무어린이집,031-499-3935,경기도 시흥시 정왕동 1863번지 대림아파트 6304동 101호,경기도 시흥시 정왕대로28번길 5 대림아파트 6304-101,15041,37.3556164140,126.7207267116
시흥시,어린이집,가정,꿈다리어린이집,031-311-6897,경기도 시흥시 은행동 620번지 시흥은계브리즈힐 1001동 104호,경기도 시흥시 은계중앙로 118 1001동 104호,14923,37.4392859850,126.8038945217
시흥시,어린이집,가정,꿈바다어린이집,031-432-6954,경기도 시흥시 정왕동 2040-2번지 마이홈빌라 101호,경기도 시흥시 오이도1길 36 101호,15015,37.3412308047,126.6898974432
시흥시,어린이집,가정,꿈사랑어린이집,031-315-9924,경기도 시흥시 포동 13-3번지 태산아파트 101동 114호,"경기도 시흥시 신현로38번길 23 101동 114호(포동, 태산아파트)",14957,37.4071280218,126.7832094052
시흥시,어린이집,가정,초롱어린이집,031-311-0507,경기도 시흥시 대야동 418-21번지 센트럴푸르지오아파트 110동 102호,"경기도 시흥시 수인로3312번길 16 110동 102호(대야동, 센트럴푸르지오아파트)",14911,37.4404259507,126.7909631597
시흥시,어린이집,민간,칼비테어린이집,031-491-2820,경기도 시흥시 거모동 1744-17번지,경기도 시흥시 도일로135번길 24,15070,37.3439704164,126.7834037555
시흥시,어린이집,가정,크니크니 어린이집,031-504-3344,경기도 시흥시 정왕동 1873-3번지 월드 114동 101호,"경기도 시흥시 옥구천동로 402 114동 101호(정왕동, 월드)",15027,37.3567512193,126.7302225709
시흥시,어린이집,민간,큰별어린이집,031-317-4044,경기도 시흥시 장곡동 794-5번지,경기도 시흥시 장곡로54번길 43-3,15002,37.3822613401,126.7820455256
시흥시,어린이집,가정,키즈맘어린이집,031-432-3313,경기도 시흥시 정왕동 2502번지 배곧한신더휴 1003동 103호,경기도 시흥시 배곧4로 106-26 배곧한신더휴 1003-103,15010,37.3710740725,126.7302456467
시흥시,어린이집,민간,꿈나래어린이집,031-410-9644,경기도 시흥시 목감동 406번지 호반베르디움더프라임아파트 1504동,경기도 시흥시 배미골길 23 1504동 관리동(호반베르디움더프라임아파트),14985,37.3841205177,126.8626801287
시흥시,어린이집,가정,키즈아트어린이집,031-497-5172,경기도 시흥시 정왕동 1886-3번지 서해1차아파트 115동 101호,"경기도 시흥시 정왕신길로49번길 37 115동 101호(정왕동, 서해1차아파트)",15021,37.3610582525,126.7286089452
시흥시,어린이집,민간,태평몬테소리어린이집,031-317-6164,경기도 시흥시 하상동 382번지 태평아파트 관리동3층,경기도 시흥시 상직길 4 태평아파트 관리동3층,14977,37.3900110736,126.8120321762
시흥시,어린이집,가정,파란꿈어린이집,031-520-8505,경기도 시흥시 정왕동 2381번지 s클래스 103동 102호,경기도 시흥시 해송십리로 472-11 배곧중흥s클래스 103-102,15010,37.3841570751,126.7336700950
시흥시,어린이집,민간,파랑새몬테소리어린이집,031-314-4224,경기도 시흥시 대야동 493-2번지,경기도 시흥시 호현로34번안길 16 (대야동),14909,37.4439691377,126.7866112847
시흥시,어린이집,민간,포레하임어린이집,031-405-7279,경기도 시흥시 조남동 680번지 포레하임아파트 관리동,경기도 시흥시 목감중앙로 62 포레하임아파트 관리동 (목감동),14988,37.3710591969,126.8526374199
시흥시,어린이집,민간,푸르지오은행어린이집,031-503-5611,경기도 시흥시 은행동 599-1번지 시흥은행대우푸르지오아파트 관리동2층,경기도 시흥시 은행로 93-1 관리동2층,14919,37.4393636864,126.7957096115
시흥시,어린이집,민간,푸른어린이집,031-318-0400,경기도 시흥시 신천동 842-14번지,경기도 시흥시 신천로79번길 24-1,14949,37.4374867421,126.7833607992
시흥시,어린이집,가정,왕자와공주어린이집,031-499-9711,경기도 시흥시 정왕동 1785-1번지 건영1차아파트 117동 104호,"경기도 시흥시 중심상가로 285 117동 104호(정왕동, 건영1차아파트)",15063,37.3397339618,126.7457043648
시흥시,어린이집,가정,우리또래어린이집,031-434-6761,경기도 시흥시 정왕동 1876-3번지 부성파스텔아파트 108동 101호,"경기도 시흥시 옥구천동로 449 108동 101호(정왕동, 부성파스텔아파트)",15022,37.3604294490,126.7330983975
시흥시,어린이집,가정,우리아이어린이집,031-498-7241,경기도 시흥시 정왕동 1868번지 주공2차아파트 209동 104호,"경기도 시흥시 정왕대로117번길 9 209동 104호(정왕동, 주공2차아파트)",15031,37.3535259333,126.7277036978
시흥시,어린이집,가정,유천꾸러기어린이집,031-433-4365,경기도 시흥시 정왕동 1628번지 유천 913동 104호,"경기도 시흥시 중심상가로 345 913동 104호(정왕동, 유천)",15062,37.3359141975,126.7502805701
시흥시,어린이집,민간,은가비어린이집,031-312-5434,경기도 시흥시 하중동 826-1번지 동아아파트 관리동,경기도 시흥시 하중로133번길 19 동아아파트 관리동,14975,37.3993957414,126.8015182224
시흥시,어린이집,민간,은선예능어린이집,031-433-1471,경기도 시흥시 정왕동 1844번지 주공아파트5단지 관리동,경기도 시흥시 옥구천동로374번길 68 주공아파트 5단지 관리동,15033,37.3508359339,126.7340315190
시흥시,어린이집,가정,은하어린이집,031-317-7018,경기도 시흥시 장현동 540번지 새재마을청구5단지아파트 503동 101호,"경기도 시흥시 시청로 59 503동 101호(장현동, 새재마을청구5단지아파트)",14998,37.3791970392,126.8001468772
시흥시,어린이집,민간,이튼어린이집,031-493-6631,경기도 시흥시 거모동 1747-10번지,경기도 시흥시 도일로123번길 23-1,15070,37.3432416950,126.7821462348
시흥시,어린이집,민간,ABC어린이집,031-499-8846,경기도 시흥시 정왕동 1213-11번지,경기도 시흥시 군서마을로 22 (정왕동),15052,37.3444523506,126.7492021816
시흥시,어린이집,가정,가온누리어린이집,031-433-2933,경기도 시흥시 정왕동 1772-21번지 대방노블랜드엘리트시티 601동 102호,"경기도 시흥시 배곧4로 81-39 601동 102호 (배곧동, 대방노블랜드 엘리트시티)",15010,37.3747438993,126.7360021615
시흥시,어린이집,가정,가온어린이집,031-432-3329,경기도 시흥시 정왕동 2503번지 호반베르디움 1108동 101호,경기도 시흥시 배곧4로 106-25 호반베르디움 1108동 101호,15010,37.3702010738,126.7332248092
시흥시,어린이집,가정,개구쟁이어린이집,031-504-8606,경기도 시흥시 하상동 368번지 연꽃마을대우삼호3단지아파트 317동 101호,"경기도 시흥시 관곡지로 222 317동 101호(하상동, 연꽃마을대우삼호3단지아파트)",14977,37.3963687812,126.8125615462
시흥시,어린이집,민간,건영어린이집,031-497-0963,경기도 시흥시 정왕동 1785-1번지 건영1차아파트 관리동 1층,경기도 시흥시 중심상가로 285 건영1차 아파트 관리동 1층,15063,37.3399520760,126.7459844127
시흥시,어린이집,민간,계룡삐아제어린이집,031-433-3737,경기도 시흥시 정왕동 1846번지 계룡아파트 관리동 1층,경기도 시흥시 중심상가로 125 계룡아파트 관리동 1층,15037,37.3488698438,126.7310820923
시흥시,어린이집,가정,푸른호반어린이집,031-499-6309,경기도 시흥시 정왕동 2503번지 호반베르디움 1105동 102호,경기도 시흥시 배곧4로 106-25 호반베르디움 1105동 102호,15010,37.3694877839,126.7344291898
시흥시,어린이집,가정,풍경채어린이집,031-313-3533,경기도 시흥시 은행동 625번지 제일풍경채아파트 1201동 101호,"경기도 시흥시 은계중앙로 151 1201동 101호(은행동, 제일풍경채아파트)",14923,37.4400965300,126.8053113480
시흥시,어린이집,민간,풍림예일어린이집,031-318-0987,경기도 시흥시 월곶동 1010-4번지 풍림1차아파트내 복지관,경기도 시흥시 월곶중앙로70번길 3 풍림1차아파트내 복지관,14964,37.3896123363,126.7381671017
시흥시,어린이집,가정,풍림프뢰벨어린이집,031-317-1616,경기도 시흥시 월곶동 1010-1번지 월곶동풍림2차아파트 201동 101호,"경기도 시흥시 월곶중앙로14번길 87 201동 101호(월곶동, 월곶동풍림2차아파트)",14965,37.3932090494,126.7396106281
시흥시,어린이집,민간,피카소어린이집,031-503-0022,경기도 시흥시 정왕동 1193-18번지,경기도 시흥시 군서로14번길 20-1,15052,37.3456296386,126.7514936250
시흥시,어린이집,가정,하나둘셋어린이집,031-433-9993,경기도 시흥시 정왕동 2381번지 s클래스 119동 101호,경기도 시흥시 해송십리로 472-11 배곧중흥s클래스 119-101,15010,37.3842017753,126.7322237779
시흥시,어린이집,가정,하늘땅어린이집,031-503-6967,경기도 시흥시 정왕동 1886-4번지 서해2차아파트 210동 102호,"경기도 시흥시 정왕신길로49번길 19 210동 102호(정왕동, 서해2차아파트)",15021,37.3596616918,126.7273133546
시흥시,어린이집,민간,꿈이있는어린이집,031-497-9926,경기도 시흥시 정왕동 1942-2번지 동보아파트 관리동,"경기도 시흥시 정왕대로28번길 28 관리동(정왕동, 동보아파트)",15041,37.3555136797,126.7174532426
시흥시,어린이집,민간,꿈쟁이어린이집,031-498-7995,경기도 시흥시 정왕동 1875-5번지 건영아파트 1층 관리동,경기도 시흥시 옥구천동로 399 관리동1층,15028,37.3584244389,126.7310975441
시흥시,어린이집,가정,꿈트리어린이집,031-504-1515,경기도 시흥시 정왕동 2381번지 s클래스 105동 103호,경기도 시흥시 해송십리로 472-11 배곧중흥s클래스 105-103,15010,37.3837366164,126.7327707158
시흥시,어린이집,민간,나무어린이집,031-480-6068,경기도 시흥시 논곡동 227-2번지,경기도 시흥시 수인로2421번길 26 (논곡동),14982,37.3926887592,126.8553322265
시흥시,어린이집,민간,네이처하임어린이집,031-414-1927,경기도 시흥시 조남동 720번지 네이처하임아파트 관리동 1층,"경기도 시흥시 수풀안길 19-27 관리동 1층(조남동, 네이처하임아파트)",14986,37.3807910751,126.8637248897
시흥시,어린이집,가정,노을이쁜어린이집,031-411-1111,경기도 시흥시 산현동 520번지 호반베르디움더숲 609동 104호,경기도 시흥시 목감둘레로 80 호반베르디움더숲 609동 104호,14989,37.3700874299,126.8480266237
시흥시,어린이집,민간,늘푸른어린이집,031-311-5025,경기도 시흥시 대야동 563번지 서해아파트 관리동 1층,경기도 시흥시 비둘기공원7길 27 서해아파트 관리동 1층,14913,37.4435571338,126.7930476021
시흥시,어린이집,민간,능곡숲어린이집,031-318-2042,경기도 시흥시 화정동 652번지,경기도 시흥시 능곡로76번길 1 (화정동),14992,37.3613717969,126.8162121839
시흥시,어린이집,민간,능곡푸른별어린이집,031-319-6993,경기도 시흥시 화정동 651-6번지,경기도 시흥시 능곡로 78,14992,37.3614968723,126.8160190774
시흥시,어린이집,민간,다솜어린이집,031-499-8756,경기도 시흥시 정왕동 1869번지 주공3단지아파트 관리동내,경기도 시흥시 정왕대로117번길 31 관리동내,15031,37.3551659473,126.7303968408
시흥시,어린이집,민간,자연앤꿈나무어린이집,031-312-4863,경기도 시흥시 능곡동 554번지 자연앤아파트 관리동 1층,경기도 시흥시 승지로 78 자연앤아파트 관리동 1층 (능곡동),14994,37.3702869100,126.8116476497
시흥시,어린이집,가정,다우리키즈어린이집,031-312-4757,경기도 시흥시 대야동 569-1번지 우성아파트 203동 105호,"경기도 시흥시 은행로 210 203동 105호(대야동, 우성아파트)",14907,37.4474494658,126.7942997848
시흥시,어린이집,민간,다정한어린이집,031-315-3515,경기도 시흥시 도창동 65번지 에이스아파트 관리동1층,경기도 시흥시 매화로 145 에이스아파트 관리동1층,14942,37.4101476969,126.8167182564
시흥시,어린이집,민간,대림새싹어린이집,031-433-6449,경기도 시흥시 정왕동 1863번지 대림아파트 1층 관리동,경기도 시흥시 정왕대로28번길 5 관리동 1층,15041,37.3544871040,126.7203318988
시흥시,어린이집,가정,대명해와솔어린이집,031-403-5886,경기도 시흥시 목감동 242-9번지 대명아파트 101동 110호,"경기도 시흥시 동서로 1076 101동 110호(목감동, 대명아파트)",14984,37.3846855377,126.8604839315
시흥시,어린이집,가정,대우어린이집,031-318-0817,경기도 시흥시 장곡동 828번지 진말대우1차아파트 116동 101호,"경기도 시흥시 진말로 36 116동 101호(장곡동, 진말대우1차아파트)",15002,37.3800553980,126.7869122018
시흥시,어린이집,가정,도담어린이집,031-404-1207,경기도 시흥시 도창동 65번지 에이스 107동 101호,"경기도 시흥시 매화로 143 107동 101호(도창동, 에이스)",14942,37.4088930306,126.8179726037
시흥시,어린이집,가정,도레미어린이집,031-500-8898,경기도 시흥시 정왕동 1789번지 금강 112동 101호,"경기도 시흥시 정왕대로266번길 4 112동 101호(정왕동, 금강)",15065,37.3431587747,126.7414139095
시흥시,어린이집,민간,도원어린이집,031-404-9260,경기도 시흥시 신천동 815-15번지,경기도 시흥시 신흥마을4길 7 (신천동),14947,37.4378320197,126.7764169199
시흥시,어린이집,가정,동그라미어린이집,031-507-1873,경기도 시흥시 장곡동 828번지 진말우성1차아파트 111동 105호,경기도 시흥시 진말로 36 111동 105호(장곡동 진말우성1차아파트),15002,37.3811868982,126.7862124692
시흥시,어린이집,민간,하늘어린이집,031-318-5115,경기도 시흥시 신천동 842-15번지,경기도 시흥시 신천로79번길 24 (신천동),14949,37.4374874959,126.7834851342
시흥시,어린이집,민간,하늘채어린이집,031-319-9114,경기도 시흥시 정왕동 1184번지,경기도 시흥시 군서로54번길 18 (정왕동),15052,37.3476607121,126.7477024912
시흥시,어린이집,가정,하솜어린이집,031-404-9210,경기도 시흥시 장곡동 805번지 매꼴마을삼성2단지아파트 241동 102호,"경기도 시흥시 인선길 77 241동 102호(장곡동, 매꼴마을삼성2단지아파트)",15002,37.3775966880,126.7798084366
시흥시,어린이집,민간,한결사랑어린이집,031-317-3393,경기도 시흥시 장현동 536-5번지,경기도 시흥시 시청로72번길 11-1,14998,37.3813616716,126.8003752599
시흥시,어린이집,가정,한라꿈나무어린이집,031-433-1667,경기도 시흥시 정왕동 2564번지 배곧한라비발디캠퍼스2차 204동 104호,경기도 시흥시 배곧1로 27-16 204동 104호(배곧한라비발디캠퍼스2차),15011,37.3613735801,126.7135304084
시흥시,어린이집,가정,한라어린이집,031-318-5900,경기도 시흥시 정왕동 2566번지 한라1차아파트 104동 104호,경기도 시흥시 배곧1로 27-15 한라1차아파트 104동 104호,15011,37.3629698584,126.7123054404
시흥시,어린이집,가정,한라이레어린이집,031-506-8257,경기도 시흥시 정왕동 2564번지 배곧한라비발디2차 206동 101호,경기도 시흥시 배곧1로 27-16 206동 101호(배곧한라비발디2차),15011,37.3632228887,126.7151146624
시흥시,어린이집,민간,한솔어린이집,031-431-1004,경기도 시흥시 정왕동 1173-9번지,경기도 시흥시 정왕천로431번길 4-1,15052,37.3460731142,126.7532053173
시흥시,유치원,공립,계수초등학교병설유치원,070-709-7195,경기도 시흥시 계수동 145-1번지 계수초등학교,경기도 시흥시 계수로 203,14925,37.4529640938,126.8205740602
시흥시,유치원,공립,군자초등학교병설유치원,031-487-6480,경기도 시흥시 거모동 1582-1번지 군자초등학교,경기도 시흥시 군자로 539,15068,37.3438592925,126.7873545834
시흥시,유치원,공립,금모래초등학교병설유치원,070-7097-0609,경기도 시흥시 은행동 551-2번지 금모래초등학교,경기도 시흥시 대은로 16-29,14919,37.4416600089,126.7953572923
시흥시,유치원,공립,냉정초등학교병설유치원,070-7097-2105,경기도 시흥시 정왕동 1872-3번지 냉정초등학교,경기도 시흥시 역전로 369,15026,37.3576094292,126.7347838235
시흥시,유치원,공립,대야초등학교병설유치원,031-363-3005,경기도 시흥시 대야동 456-2번지,경기도 시흥시 대골안길 31,14905,37.4465420947,126.7895465341
시흥시,유치원,공립,도창초등학교병설유치원,070-7097-2324,경기도 시흥시 도창동 118번지 도창초등학교,경기도 시흥시 수인로2793번길 6,14939,37.4067205403,126.8237922236
시흥시,유치원,공립,목감초등학교병설유치원,070-7097-1566,경기도 시흥시 논곡동 160-37번지 목감초등학교,경기도 시흥시 목감초등길 49,14984,37.3868562637,126.8589343148
시흥시,유치원,공립,배곧라온초등학교병설유치원,031-8032-6590,경기도 시흥시 정왕동 2494번지 배곧라온초등학교,경기도 시흥시 배곧4로 94-39,15010,37.3723592745,126.7349119753
시흥시,유치원,공립,배곧초등학교병설유치원,031-8099-9793,경기도 시흥시 시흥대로 398(광석동) ,,,,
시흥시,유치원,공립,배곧한울초등학교병설유치원,031-412-4390,경기도 시흥시 정왕동 2572번지,경기도 시흥시 배곧1로 28-25,15012,37.3601340626,126.7126395742
시흥시,유치원,공립,산현초등학교병설유치원,031-8040-6591,경기도 시흥시 산현동 515번지,경기도 시흥시 목감남서로 68,14989,37.3746927724,126.8449354415
시흥시,유치원,공립,생금초등학교병설유치원,070-7016-3004,경기도 시흥시 죽율동 767번지 생금초등학교 병설유치원,경기도 시흥시 죽율로 45-42,15050,37.3499185742,126.7572820402
시흥시,유치원,공립,서해초등학교병설유치원,031-434-7767,경기도 시흥시 정왕동 1867-2번지 서해초등학교,경기도 시흥시 정왕대로53번길 14,15030,37.3558565187,126.7248348299
시흥시,유치원,공립,송운초등학교병설유치원,070-4355-0603,경기도 시흥시 정왕동 1875-3번지 송운초등학교병설유치원,경기도 시흥시 옥구천동로 433-25,15028,37.3599407332,126.7298315102
시흥시,유치원,공립,시화유치원,031-319-0642,경기도 시흥시 정왕동 1418-2번지 시화유치원,경기도 시흥시 큰솔로7번길 10,15059,37.3390847743,126.7512800587
시흥시,유치원,공립,시흥능곡초등학교병설유치원,070-7096-7291,경기도 시흥시 능곡동 797번지,경기도 시흥시 능곡중앙로 22,14995,37.3653376846,126.8125795004
시흥시,유치원,공립,시흥월곶초등학교병설유치원,070-7097-2518,경기도 시흥시 월곶동 1010-5번지 시흥월곶초등학교,경기도 시흥시 월곶해안로 69,14964,37.3915825549,126.7370230106
시흥시,유치원,공립,시흥장현초등학교병설유치원,070-7097-1805,경기도 시흥시 장현동 169-6번지 시흥장현초등학교,경기도 시흥시 시청로80번길 5,14996,37.3817760433,126.7987177777
시흥시,유치원,공립,시흥초등학교병설유치원,070-7097-2907,경기도 시흥시 정왕동 1871-4번지 시흥초등학교,경기도 시흥시 정왕대로143번길 15,15032,37.3518626905,126.7315876053
시흥시,유치원,공립,연성초등학교병설유치원,070-7014-8707,경기도 시흥시 광석동 89-2번지 연성초등학교 병설유치원,경기도 시흥시 나분들길 44,14979,37.3875571344,126.8185983845
시흥시,유치원,공립,옥터초등학교병설유치원,070-701-5441,경기도 시흥시 정왕동 1988번지 옥터초등학교,경기도 시흥시 옥터로 33,15015,37.3447200453,126.6922609919
시흥시,유치원,공립,운흥초등학교병설유치원,070-7091-3873,경기도 시흥시 조남동 675번지 운흥초등학교,경기도 시흥시 목감둘레로 109,14988,37.3726394497,126.8526054148
시흥시,유치원,공립,웃터골초등학교병설유치원,070-7096-7704,경기도 시흥시 은행동 94-11번지,경기도 시흥시 은행고길 18,14923,37.4397115488,126.7992158718
시흥시,유치원,공립,은계초등학교병설유치원,070-7096-7776,경기도 시흥시 대야동 584번지,경기도 시흥시 대은로103번길 24,14915,37.4473225431,126.7977939364
시흥시,유치원,공립,장곡초등학교병설유치원,070-7096-6086,경기도 시흥시 장곡동 797번지 장곡초등학교 병설유치원,경기도 시흥시 장곡로70번길 12,15002,37.3811057106,126.7816929132
시흥시,유치원,공립,조남유치원,031-487-2528,경기도 시흥시 조남동 703번지 조남유치원,경기도 시흥시 목감둘레로 199,14986,37.3765030427,126.8584347526
시흥시,유치원,공립,진말초등학교병설유치원,070-709-7140,경기도 시흥시 장곡동 827번지 진말초등학교,경기도 시흥시 황고개로 567,15002,37.3806397933,126.7879945659
시흥시,유치원,공립,하중초등학교병설유치원,070-7097-1306,경기도 시흥시 하중동 863번지 하중초등학교,경기도 시흥시 하중로209번길 10,14976,37.3929174181,126.8069425118
시흥시,유치원,사립,군자유치원,031-495-7336,경기도 시흥시 거모동 1759-2번지,경기도 시흥시 군자로533번길 21,15068,37.3445605152,126.7864948867
시흥시,유치원,사립,꿈나래유치원,031-435-3344,경기도 시흥시 장곡동 801-2번지,경기도 시흥시 장곡로70번길 7-3,15002,37.3800766179,126.7806571869
시흥시,유치원,사립,다원유치원,031-434-2336,경기도 시흥시 정왕동 1569-9번지,경기도 시흥시 정왕천로375번길 19,15058,37.3425547631,126.7475782485
시흥시,유치원,사립,등밭유치원,031-318-7337,경기도 시흥시 은행동 549-1번지,경기도 시흥시 은행로 280,14918,37.4417983975,126.7972101129
시흥시,유치원,사립,모아유치원,031-317-9001,경기도 시흥시 능곡동 547번지 유치원,경기도 시흥시 승지로 104,14994,37.3726703078,126.8115787800
시흥시,유치원,사립,보람유치원,031-432-7979,경기도 시흥시 정왕동 1518번지,경기도 시흥시 정왕천로408번길 19,15051,37.3432518095,126.7533313535
시흥시,유치원,사립,세심유치원,031-311-6045,경기도 시흥시 신천동 889-6번지,경기도 시흥시 시흥대로 1059,14951,37.4305182307,126.7923036116
시흥시,유치원,사립,소래유치원,031-313-1568,경기도 시흥시 대야동 121-1번지 소래유치원,경기도 시흥시 윗대야2길 17,14900,37.4547366092,126.7870255280
시흥시,유치원,사립,시화리라유치원,031-431-8000,경기도 시흥시 정왕동 1179-3번지 시화리라유치원,경기도 시흥시 정왕천로427번길 13,15052,37.3460596364,126.7517533570
시흥시,유치원,사립,아란유치원,031-318-6155,경기도 시흥시 하중동 849번지,경기도 시흥시 하중로173번길 11,14976,37.3960479155,126.8039416791
시흥시,유치원,사립,아이그루유치원,031-314-3344,경기도 시흥시 대야동 458-3번지,경기도 시흥시 대골안길 26-1,14905,37.4470456103,126.7889687633
시흥시,유치원,사립,예일유치원,031-315-1800,경기도 시흥시 매화동 259-1번지,경기도 시흥시 매화로 66,14939,37.4136075733,126.8143551437
시흥시,유치원,사립,이레유치원,031-403-4222,경기도 시흥시 논곡동 270-3번지,경기도 시흥시 수인로2431번길 15,14982,37.3947712945,126.8550118147
시흥시,유치원,사립,풍림월드유치원,031-318-8518,경기도 시흥시 월곶동 1010-4번지,경기도 시흥시 월곶해안로 87,14964,37.3904390965,126.7373884019
시흥시,유치원,사립,한울유치원,031-433-0052,경기도 시흥시 정왕동 1994-8번지,경기도 시흥시 오이도어시장로 33,15015,37.3444744896,126.6913930281
시흥시,유치원,사립,해맑은유치원,031-317-9414,경기도 시흥시 장현동 540번지,경기도 시흥시 시청로 77,14998,37.3796686435,126.7992767343
시흥시,유치원,사립,해오름유치원,031-315-2133,경기도 시흥시 포동 13-3번지 태산아파트(유치원) 14동,,14957,37.4073275649,126.7830502941
시흥시,유치원,공립,시흥매화초등학교병설유치원,070-7097-0105,경기도 시흥시 매화동 445-1번지 시흥매화초등학교 병설유치원,경기도 시흥시 매화1로 62,14940,37.4161296697,126.8083505602
시흥시,유치원,사립,은행유치원,031-311-4430,경기도 시흥시 은행동 321-1번지,경기도 시흥시 검바위1로 9,14921,37.4303227584,126.7938520250
시흥시,유치원,사립,해피아이유치원,031-317-1004,경기도 시흥시 은행동 547-7번지,경기도 시흥시 은행로 92,14916,37.4396274283,126.7974646477
시흥시,유치원,공립,검바위초등학교병설유치원,070-7097-1003,경기도 시흥시 은행동 262번지 검바위초등학교,경기도 시흥시 수인로3247번길 59,14922,37.4327455137,126.7984664383
시흥시,유치원,공립,배곧누리유치원,031-319-4368,경기도 시흥시 정왕동 2386번지 배곧1 유치원 배곧누리유치원,경기도 시흥시 배곧5로 65-9,15010,37.3831595454,126.7336653902
시흥시,유치원,공립,배곧유치원,031-499-3921,경기도 시흥시 정왕동 2480번지 배곧유치원,경기도 시흥시 배곧4로 44-8,15010,37.3761370577,126.7281696099
시흥시,유치원,공립,배곧해솔초등학교병설유치원,031-8063-7802,경기도 시흥시 정왕동 2560번지 배곧해솔초등학교병설유치원,경기도 시흥시 서울대학로 150-17,15011,37.3602462886,126.7180346914
시흥시,유치원,공립,서촌초등학교병설유치원,070-7014-4094,경기도 시흥시 정왕동 1848-1번지,경기도 시흥시 정왕대로118번길 27,15038,37.3491406712,126.7272748230
시흥시,유치원,공립,소래초등학교병설유치원,031-312-5273,경기도 시흥시 신천동 704-2번지 소래초등학교 병설유치원,경기도 시흥시 호현로27번길 14,14904,37.4436575450,126.7838819761
시흥시,유치원,공립,승지초등학교병설유치원,070-7013-8604,경기도 시흥시 능곡동 550번지 승지초등학교,경기도 시흥시 승지로 110,14994,37.3725006282,126.8125162492
시흥시,유치원,공립,시흥도원초등학교병설유치원,070-7097-1104,경기도 시흥시 신천동 438-1번지 시흥도원초등학교,경기도 시흥시 수인로3413번길 34,14946,37.4397716083,126.7776897604
시흥시,유치원,공립,시흥은행초등학교병설유치원,070-7097-0207,경기도 시흥시 은행동 545번지 시흥은행초등학교 병설유치원,경기도 시흥시 대은로104번길 29-10,14916,37.4423543000,126.8008585240
시흥시,유치원,공립,신천초등학교병설유치원,070-7097-2208,경기도 시흥시 신천동 203번지 신천초등학교 병설유치원,경기도 시흥시 포도원로 88,14953,37.4348800407,126.7829358410
시흥시,유치원,공립,조남초등학교병설유치원,031-490-8280,경기도 시흥시 조남동 701번지 조남초등학교 병설유치원,경기도 시흥시 목감둘레로 229-9,14986,37.3783599745,126.8591312026
시흥시,유치원,공립,함현초등학교병설유치원,070-7097-0804,경기도 시흥시 정왕동 1878-10번지 함현초등학교,경기도 시흥시 역전로 455,15017,37.3648872794,126.7377493750
시흥시,유치원,사립,궁전유치원,031-499-7330,경기도 시흥시 정왕동 1207번지,경기도 시흥시 정왕천로411번길 51,15052,37.3469418192,126.7471683936
시흥시,유치원,사립,도일유치원,031-508-1515,경기도 시흥시 거모동 1738-5번지 도일유치원,경기도 시흥시 도일로123번길 41,15070,37.3445603390,126.7815292990
시흥시,유치원,사립,매화유치원,031-313-8039,경기도 시흥시 매화동 250-1번지,경기도 시흥시 매화1로 5,14940,37.4152470895,126.8141590020
시흥시,유치원,사립,새빛유치원,031-432-0887,경기도 시흥시 거모동 612-1번지,경기도 시흥시 군자로315번길 4,15044,37.3578084943,126.7737698111
시흥시,유치원,사립,세종유치원,031-504-0101,경기도 시흥시 장곡동 807번지,경기도 시흥시 인선길 56,15002,37.3784381021,126.7813620324
시흥시,유치원,사립,소망유치원,031-311-3210,경기도 시흥시 대야동 457-12번지,경기도 시흥시 대골안길 26-10,14905,37.4474594539,126.7886285590
시흥시,유치원,사립,시흥유치원,031-311-0670,경기도 시흥시 은행동 277-1번지,경기도 시흥시 은행로12번길 24,14921,37.4328491308,126.7958787608
시흥시,유치원,사립,아름유치원,031-312-7772,경기도 시흥시 신천동 213번지,경기도 시흥시 포도원로 96,14953,37.4341888928,126.7843502222
시흥시,유치원,사립,윤정유치원,031-317-3700,경기도 시흥시 하상동 368번지 연꽃마을대우.삼호아파트,,14977,37.3956112686,126.8123561790
시흥시,유치원,사립,진영유치원,031-435-2222,경기도 시흥시 신천동 826-6번지,경기도 시흥시 포도원로 39,14947,37.4359885654,126.7782999497
시흥시,유치원,사립,하하유치원,031-317-8080,경기도 시흥시 하중동 857-5번지,경기도 시흥시 연성로29번길 31,14976,37.3933292876,126.8053830417
시흥시,유치원,공립,월포초등학교병설유치원,070-709-7270,경기도 시흥시 월곶동 994-2번지 월포초등학교,경기도 시흥시 월곶중앙로 18,14967,37.3873611547,126.7430225867

