기준년도,시군명,지역교육청명,지역명,학교명,학교급명,설립구분명,주야간명,제외여부,제외사유,1학년수(명),2학년수(명),3학년수(명),4학년수(명),5학년수(명),6학년수(명),특수학급학생수(명),순회학급학생수(명),합계사항(명)
2020,시흥시,경기도시흥교육지원청,경기도 시흥시,시흥은행중학교,,공립,주간,N,,362,394,356,,,,7,0,1119
2020,시흥시,경기도시흥교육지원청,경기도 시흥시,시흥중학교,,공립,주간,N,,208,237,185,,,,11,0,641
2020,시흥시,경기도시흥교육지원청,경기도 시흥시,신천중학교,,공립,주간,N,,99,84,79,,,,16,0,278
2020,시흥시,경기도시흥교육지원청,경기도 시흥시,연성중학교,,공립,주간,N,,209,220,218,,,,5,0,652
2020,시흥시,경기도시흥교육지원청,경기도 시흥시,장곡중학교,,공립,주간,N,,164,147,151,,,,9,0,471
2020,시흥시,경기도시흥교육지원청,경기도 시흥시,정왕중학교,,공립,주간,N,,220,191,194,,,,7,6,618
2020,시흥시,경기도시흥교육지원청,경기도 시흥시,함현중학교,,공립,주간,N,,207,261,258,,,,3,0,729
2020,시흥시,경기도시흥교육지원청,경기도 시흥시,조남중학교,,공립,주간,N,,310,260,209,,,,6,0,785
2020,시흥시,경기도시흥교육지원청,경기도 시흥시,배곧해솔중학교,,공립,주간,N,,438,232,60,,,,2,0,732
2020,시흥시,경기도교육청,경기도 시흥시,경기스마트고등학교,,공립,주간,N,,176,82,77,,,,10,5,350
2020,시흥시,경기도시흥교육지원청,경기도 시흥시,군서중학교,,공립,주간,N,,0,0,36,,,,1,0,37
2020,시흥시,경기도교육청,경기도 시흥시,군자디지털과학고등학교,,공립,주간,N,,133,126,166,,,,13,4,442
2020,시흥시,경기도시흥교육지원청,경기도 시흥시,월곶중학교,,공립,주간,N,,148,136,125,,,,4,0,413
2020,시흥시,경기도교육청,경기도 시흥시,한국조리과학고등학교,,사립,주간,N,,244,243,239,,,,0,0,726
2020,시흥시,경기도교육청,경기도 시흥시,경기자동차과학고등학교,,사립,주간,N,,225,227,228,,,,0,0,680
2020,시흥시,경기도교육청,경기도 시흥시,함현고등학교,,공립,주간,N,,291,293,249,,,,16,0,849
2020,시흥시,경기도교육청,경기도 시흥시,배곧고등학교,,공립,주간,N,,325,326,305,,,,6,0,962
2020,시흥시,경기도교육청,경기도 시흥시,시흥고등학교,,공립,주간,N,,272,310,319,,,,13,0,914
2020,시흥시,경기도교육청,경기도 시흥시,군서고등학교,,공립,주간,N,,323,321,294,,,,9,0,947
2020,시흥시,경기도시흥교육지원청,경기도 시흥시,시흥매화중학교,,공립,주간,N,,102,97,106,,,,2,0,307
2020,시흥시,경기도시흥교육지원청,경기도 시흥시,은계중학교,,공립,주간,N,,320,233,194,,,,4,0,751
2020,시흥시,경기도교육청,경기도 시흥시,목감고등학교,,공립,주간,N,,152,0,0,,,,2,0,154
2020,시흥시,경기도교육청,경기도 시흥시,은행고등학교,,공립,주간,N,,319,332,295,,,,15,0,961
2020,시흥시,경기도시흥교육지원청,경기도 시흥시,배곧한울초등학교,,공립,,N,,214,214,227,174,142,167,11,0,1149
2020,시흥시,경기도시흥교육지원청,경기도 시흥시,배곧해솔초등학교,,공립,,N,,284,299,264,237,221,205,6,0,1516
2020,시흥시,경기도시흥교육지원청,경기도 시흥시,은빛초등학교,,공립,,N,,234,186,195,148,125,112,3,0,1003
2020,시흥시,경기도시흥교육지원청,경기도 시흥시,배곧누리초등학교,,공립,,N,,140,111,103,93,57,57,5,0,566
2020,시흥시,경기도시흥교육지원청,경기도 시흥시,검바위초등학교,,공립,,N,,58,67,53,80,58,63,2,0,381
2020,시흥시,경기도시흥교육지원청,경기도 시흥시,계수초등학교,,공립,,N,,14,14,8,15,18,15,3,0,87
2020,시흥시,경기도시흥교육지원청,경기도 시흥시,군서초등학교,,공립,,N,,102,107,136,85,86,80,12,0,608
2020,시흥시,경기도시흥교육지원청,경기도 시흥시,군자초등학교,,공립,,N,,103,150,146,124,116,144,12,0,795
2020,시흥시,경기도시흥교육지원청,경기도 시흥시,금모래초등학교,,공립,,N,,114,149,136,145,119,144,2,0,809
2020,시흥시,경기도시흥교육지원청,경기도 시흥시,냉정초등학교,,공립,,N,,78,106,130,97,112,129,13,0,665
2020,시흥시,경기도시흥교육지원청,경기도 시흥시,대야초등학교,,공립,,N,,66,46,62,65,61,80,5,0,385
2020,시흥시,경기도시흥교육지원청,경기도 시흥시,도일초등학교,,공립,,N,,79,65,81,81,97,82,12,4,501
2020,시흥시,경기도시흥교육지원청,경기도 시흥시,도창초등학교,,공립,,N,,18,15,31,26,37,33,1,0,161
2020,시흥시,경기도시흥교육지원청,경기도 시흥시,목감초등학교,,공립,,N,,66,79,65,70,62,69,8,0,419
2020,시흥시,경기도시흥교육지원청,경기도 시흥시,서촌초등학교,,공립,,N,,81,109,94,79,104,116,9,0,592
2020,시흥시,경기도시흥교육지원청,경기도 시흥시,서해초등학교,,공립,,N,,141,166,163,162,148,177,9,1,967
2020,시흥시,경기도시흥교육지원청,경기도 시흥시,소래초등학교,,공립,,N,,48,56,64,70,55,76,8,0,377
2020,시흥시,경기도시흥교육지원청,경기도 시흥시,송운초등학교,,공립,,N,,145,137,125,144,143,163,7,0,864
2020,시흥시,경기도시흥교육지원청,경기도 시흥시,시화초등학교,,공립,,N,,56,54,45,47,70,60,13,1,346
2020,시흥시,경기도시흥교육지원청,경기도 시흥시,시흥매화초등학교,,공립,,N,,71,74,73,78,77,66,5,0,444
2020,시흥시,경기도시흥교육지원청,경기도 시흥시,시흥신일초등학교,,공립,,N,,84,121,116,107,124,129,11,0,692
2020,시흥시,경기도시흥교육지원청,경기도 시흥시,시흥은행초등학교,,공립,,N,,100,125,120,121,146,127,3,0,742
2020,시흥시,경기도시흥교육지원청,경기도 시흥시,시흥초등학교,,공립,,N,,97,128,129,121,121,125,10,0,731
2020,시흥시,경기도시흥교육지원청,경기도 시흥시,신천초등학교,,공립,,N,,40,42,47,56,59,77,10,0,331
2020,시흥시,경기도시흥교육지원청,경기도 시흥시,연성초등학교,,공립,,N,,44,56,51,84,83,82,5,0,405
2020,시흥시,경기도시흥교육지원청,경기도 시흥시,옥터초등학교,,공립,,N,,40,61,50,48,59,50,5,0,313
2020,시흥시,경기도시흥교육지원청,경기도 시흥시,은계초등학교,,공립,,N,,140,160,128,130,116,139,4,5,822
2020,시흥시,경기도시흥교육지원청,경기도 시흥시,장곡초등학교,,공립,,N,,109,144,142,192,160,172,4,0,923
2020,시흥시,경기도시흥교육지원청,경기도 시흥시,정왕초등학교,,공립,,N,,181,194,159,181,177,170,13,2,1077
2020,시흥시,경기도시흥교육지원청,경기도 시흥시,진말초등학교,,공립,,N,,61,75,76,104,88,102,3,0,509
2020,시흥시,경기도시흥교육지원청,경기도 시흥시,포리초등학교,,공립,,N,,32,28,41,43,41,49,3,0,237
2020,시흥시,경기도시흥교육지원청,경기도 시흥시,하중초등학교,,공립,,N,,63,84,68,90,99,121,10,0,535
2020,시흥시,경기도시흥교육지원청,경기도 시흥시,함현초등학교,,공립,,N,,72,77,72,75,86,78,3,0,463
2020,시흥시,경기도시흥교육지원청,경기도 시흥시,승지초등학교,,공립,,N,,81,88,79,89,72,74,7,0,490
2020,시흥시,경기도시흥교육지원청,경기도 시흥시,배곧초등학교,,공립,,N,,303,336,288,322,273,275,12,0,1809
2020,시흥시,경기도시흥교육지원청,경기도 시흥시,배곧라온초등학교,,공립,,N,,260,322,261,264,215,220,12,0,1554
2020,시흥시,경기도시흥교육지원청,경기도 시흥시,산현초등학교,,공립,,N,,181,196,188,152,135,96,0,0,948
2020,시흥시,경기도시흥교육지원청,경기도 시흥시,운흥초등학교,,공립,,N,,194,204,171,135,124,122,7,0,957
2020,시흥시,경기도시흥교육지원청,경기도 시흥시,조남초등학교,,공립,,N,,153,144,149,100,98,84,9,0,737
2020,시흥시,경기도시흥교육지원청,경기도 시흥시,생금초등학교,,공립,,N,,82,93,73,74,66,66,4,0,458
2020,시흥시,경기도시흥교육지원청,경기도 시흥시,시흥도원초등학교,,공립,,N,,46,63,62,83,69,65,4,0,392
2020,시흥시,경기도시흥교육지원청,경기도 시흥시,시흥월곶초등학교,,공립,,N,,116,129,131,133,105,114,11,0,739
2020,시흥시,경기도시흥교육지원청,경기도 시흥시,시흥장현초등학교,,공립,,N,,71,78,80,69,73,80,7,0,458
2020,시흥시,경기도시흥교육지원청,경기도 시흥시,웃터골초등학교,,공립,,N,,121,106,106,90,75,72,5,0,575
2020,시흥시,경기도시흥교육지원청,경기도 시흥시,월포초등학교,,공립,,N,,31,50,50,27,44,46,4,0,252
2020,시흥시,경기도시흥교육지원청,경기도 시흥시,시흥능곡초등학교,,공립,,N,,100,110,95,125,111,140,6,0,687
2020,시흥시,경기도교육청,경기도 시흥시,장곡고등학교,,공립,주간,N,,217,236,222,,,,9,0,684
2020,시흥시,경기도교육청,경기도 시흥시,정왕고등학교,,공립,주간,N,,357,393,304,,,,0,0,1054
2020,시흥시,경기도시흥교육지원청,경기도 시흥시,시화중학교,,공립,주간,N,,82,93,93,,,,4,0,272
2020,시흥시,경기도시흥교육지원청,경기도 시흥시,논곡중학교,,공립,주간,N,,70,56,61,,,,2,0,189
2020,시흥시,경기도시흥교육지원청,경기도 시흥시,시흥능곡중학교,,공립,주간,N,,242,221,202,,,,6,0,671
2020,시흥시,경기도시흥교육지원청,경기도 시흥시,응곡중학교,,공립,주간,N,,244,190,175,,,,0,2,611
2020,시흥시,경기도시흥교육지원청,경기도 시흥시,배곧중학교,,공립,주간,N,,431,404,443,,,,5,0,1283
2020,시흥시,경기도교육청,경기도 시흥시,서해고등학교,,공립,주간,N,,362,354,324,,,,19,0,1059
2020,시흥시,경기도교육청,경기도 시흥시,소래고등학교,,공립,주간,N,,346,349,354,,,,8,0,1057
2020,시흥시,경기도교육청,경기도 시흥시,시흥능곡고등학교,,공립,주간,N,,253,298,311,,,,9,0,871
2020,시흥시,경기도교육청,경기도 시흥시,시흥매화고등학교,,공립,주간,N,,202,204,194,,,,6,0,606
2020,시흥시,경기도교육청,경기도 시흥시,신천고등학교,,공립,주간,N,,248,259,255,,,,15,0,777
2020,시흥시,경기도시흥교육지원청,경기도 시흥시,군자중학교,,공립,주간,N,,200,206,198,,,,8,5,617
2020,시흥시,경기도시흥교육지원청,경기도 시흥시,대흥중학교,,공립,주간,N,,131,132,109,,,,5,0,377
2020,시흥시,경기도시흥교육지원청,경기도 시흥시,서해중학교,,공립,주간,N,,269,253,241,,,,7,0,770
2020,시흥시,경기도시흥교육지원청,경기도 시흥시,한국글로벌중학교,,사립,주간,N,,71,62,45,,,,6,0,184
2020,시흥시,경기도시흥교육지원청,경기도 시흥시,소래중학교,,공립,주간,N,,213,235,256,,,,0,0,704
2020,시흥시,경기도시흥교육지원청,경기도 시흥시,송운중학교,,공립,주간,N,,220,199,199,,,,11,0,629
2019,시흥시,경기도시흥교육지원청,경기도 시흥시,함현중학교,,공립,주간,N,,291,256,231,,,,2,0,780(2)
2019,시흥시,경기도교육청,경기도 시흥시,소래고등학교,,공립,주간,N,,360,362,399,,,,10,0,1131(10)
2019,시흥시,경기도교육청,경기도 시흥시,경기스마트고등학교,,공립,주간,N,,96,81,143,,,,12,2,334(14)
2019,시흥시,경기도교육청,경기도 시흥시,군자디지털과학고등학교,,공립,주간,N,,151,172,202,,,,12,4,541(16)
2019,시흥시,경기도시흥교육지원청,경기도 시흥시,배곧중학교,,공립,주간,N,,459,472,380,,,,5,0,1316(5)
2019,시흥시,경기도시흥교육지원청,경기도 시흥시,조남중학교,,공립,주간,N,,255,204,158,,,,5,0,622(5)
2019,시흥시,경기도교육청,경기도 시흥시,서해고등학교,,공립,주간,N,,355,332,332,,,,21,0,1040(21)
2019,시흥시,경기도교육청,경기도 시흥시,군서고등학교,,공립,주간,N,,323,300,304,,,,9,0,936(9)
2019,시흥시,경기도교육청,경기도 시흥시,은행고등학교,,공립,주간,N,,333,296,362,,,,19,0,1010(19)
2019,시흥시,경기도교육청,경기도 시흥시,장곡고등학교,,공립,주간,N,,239,223,264,,,,6,0,732(6)
2019,시흥시,경기도교육청,경기도 시흥시,시흥능곡고등학교,,공립,주간,N,,297,314,339,,,,11,0,961(11)
2019,시흥시,경기도교육청,경기도 시흥시,시흥매화고등학교,,공립,주간,N,,205,205,224,,,,9,0,643(9)
2019,시흥시,경기도교육청,경기도 시흥시,신천고등학교,,공립,주간,N,,260,255,279,,,,22,0,816(22)
2019,시흥시,경기도교육청,경기도 시흥시,배곧고등학교,,공립,주간,N,,330,308,317,,,,3,0,958(3)
2019,시흥시,경기도교육청,경기도 시흥시,시흥고등학교,,공립,주간,N,,327,320,386,,,,15,0,1048(15)
2019,시흥시,경기도시흥교육지원청,경기도 시흥시,배곧라온초등학교,,공립,,N,,281,243,213,175,186,142,9,0,1249(9)
2019,시흥시,경기도교육청,경기도 시흥시,정왕고등학교,,공립,주간,N,,387,309,315,,,,0,0,1011(0)
2019,시흥시,경기도교육청,경기도 시흥시,한국조리과학고등학교,,사립,주간,N,,244,246,238,,,,0,0,728(0)
2019,시흥시,경기도교육청,경기도 시흥시,경기자동차과학고등학교,,사립,주간,N,,240,229,216,,,,0,0,685(0)
2019,시흥시,경기도교육청,경기도 시흥시,함현고등학교,,공립,주간,N,,307,254,287,,,,16,0,864(16)
2019,시흥시,경기도시흥교육지원청,경기도 시흥시,냉정초등학교,,공립,,N,,114,140,101,120,132,134,12,0,753(12)
2019,시흥시,경기도시흥교육지원청,경기도 시흥시,목감초등학교,,공립,,N,,80,67,75,66,72,77,7,0,444(7)
2019,시흥시,경기도시흥교육지원청,경기도 시흥시,서촌초등학교,,공립,,N,,113,100,88,112,120,116,11,0,660(11)
2019,시흥시,경기도시흥교육지원청,경기도 시흥시,서해초등학교,,공립,,N,,172,166,170,156,183,174,8,0,1029(8)
2019,시흥시,경기도시흥교육지원청,경기도 시흥시,검바위초등학교,,공립,,N,,61,53,81,58,61,79,3,0,396(3)
2019,시흥시,경기도시흥교육지원청,경기도 시흥시,계수초등학교,,공립,,N,,14,8,15,19,14,9,4,0,83(4)
2019,시흥시,경기도시흥교육지원청,경기도 시흥시,군서초등학교,,공립,,N,,126,113,101,94,89,107,14,0,644(14)
2019,시흥시,경기도시흥교육지원청,경기도 시흥시,군자초등학교,,공립,,N,,156,155,136,124,147,133,12,0,863(12)
2019,시흥시,경기도시흥교육지원청,경기도 시흥시,금모래초등학교,,공립,,N,,144,131,147,119,144,122,2,0,809(2)
2019,시흥시,경기도시흥교육지원청,경기도 시흥시,대야초등학교,,공립,,N,,38,53,61,55,71,57,5,0,340(5)
2019,시흥시,경기도시흥교육지원청,경기도 시흥시,도일초등학교,,공립,,N,,68,87,85,101,81,86,12,3,523(15)
2019,시흥시,경기도시흥교육지원청,경기도 시흥시,도창초등학교,,공립,,N,,17,33,30,39,34,32,1,0,186(1)
2019,시흥시,경기도시흥교육지원청,경기도 시흥시,소래초등학교,,공립,,N,,58,66,66,61,78,79,5,0,413(5)
2019,시흥시,경기도시흥교육지원청,경기도 시흥시,송운초등학교,,공립,,N,,147,121,139,144,161,157,16,0,885(16)
2019,시흥시,경기도시흥교육지원청,경기도 시흥시,시화초등학교,,공립,,N,,59,51,52,69,60,65,13,3,372(16)
2019,시흥시,경기도시흥교육지원청,경기도 시흥시,시흥매화초등학교,,공립,,N,,76,72,79,75,67,88,5,0,462(5)
2019,시흥시,경기도시흥교육지원청,경기도 시흥시,시흥신일초등학교,,공립,,N,,121,114,110,123,130,144,8,0,750(8)
2019,시흥시,경기도시흥교육지원청,경기도 시흥시,시흥은행초등학교,,공립,,N,,122,110,115,147,121,137,2,0,754(2)
2019,시흥시,경기도시흥교육지원청,경기도 시흥시,시흥초등학교,,공립,,N,,134,137,129,130,129,148,12,0,819(12)
2019,시흥시,경기도시흥교육지원청,경기도 시흥시,신천초등학교,,공립,,N,,50,49,58,58,79,70,6,0,370(6)
2019,시흥시,경기도시흥교육지원청,경기도 시흥시,연성초등학교,,공립,,N,,57,55,88,82,81,99,4,0,466(4)
2019,시흥시,경기도시흥교육지원청,경기도 시흥시,옥터초등학교,,공립,,N,,68,56,54,58,50,49,7,0,342(7)
2019,시흥시,경기도시흥교육지원청,경기도 시흥시,은계초등학교,,공립,,N,,105,93,83,97,107,124,5,5,619(10)
2019,시흥시,경기도시흥교육지원청,경기도 시흥시,장곡초등학교,,공립,,N,,147,148,197,161,171,195,5,0,1024(5)
2019,시흥시,경기도시흥교육지원청,경기도 시흥시,정왕초등학교,,공립,,N,,199,173,185,176,185,171,13,3,1105(16)
2019,시흥시,경기도시흥교육지원청,경기도 시흥시,진말초등학교,,공립,,N,,70,76,108,86,105,128,5,0,578(5)
2019,시흥시,경기도시흥교육지원청,경기도 시흥시,포리초등학교,,공립,,N,,27,47,44,43,52,43,4,0,260(4)
2019,시흥시,경기도시흥교육지원청,경기도 시흥시,하중초등학교,,공립,,N,,88,66,88,101,120,127,11,0,601(11)
2019,시흥시,경기도시흥교육지원청,경기도 시흥시,함현초등학교,,공립,,N,,84,70,76,84,80,84,3,0,481(3)
2019,시흥시,경기도시흥교육지원청,경기도 시흥시,배곧초등학교,,공립,,N,,318,272,316,266,270,235,13,0,1690(13)
2019,시흥시,경기도시흥교육지원청,경기도 시흥시,산현초등학교,,공립,,N,,194,185,153,132,101,105,0,0,870(0)
2019,시흥시,경기도시흥교육지원청,경기도 시흥시,운흥초등학교,,공립,,N,,178,141,103,99,97,81,6,0,705(6)
2019,시흥시,경기도시흥교육지원청,경기도 시흥시,조남초등학교,,공립,,N,,149,154,108,94,86,84,8,0,683(8)
2019,시흥시,경기도시흥교육지원청,경기도 시흥시,생금초등학교,,공립,,N,,99,81,77,74,70,66,5,0,472(5)
2019,시흥시,경기도시흥교육지원청,경기도 시흥시,월포초등학교,,공립,,N,,53,53,32,46,51,38,4,0,277(4)
2019,시흥시,경기도시흥교육지원청,경기도 시흥시,시흥능곡초등학교,,공립,,N,,112,107,128,112,144,162,4,0,769(4)
2019,시흥시,경기도시흥교육지원청,경기도 시흥시,승지초등학교,,공립,,N,,74,73,83,67,79,76,7,0,459(7)
2019,시흥시,경기도시흥교육지원청,경기도 시흥시,시흥도원초등학교,,공립,,N,,67,63,84,71,69,77,6,0,437(6)
2019,시흥시,경기도시흥교육지원청,경기도 시흥시,시흥월곶초등학교,,공립,,N,,132,133,132,106,119,117,7,0,746(7)
2019,시흥시,경기도시흥교육지원청,경기도 시흥시,시흥장현초등학교,,공립,,N,,67,54,63,61,68,76,6,0,395(6)
2019,시흥시,경기도시흥교육지원청,경기도 시흥시,웃터골초등학교,,공립,,N,,105,103,92,65,70,70,4,0,509(4)
2019,시흥시,경기도시흥교육지원청,경기도 시흥시,군서중학교,,공립,주간,N,,0,35,78,,,,3,0,116(3)
2019,시흥시,경기도시흥교육지원청,경기도 시흥시,배곧한울초등학교,,공립,,N,,199,230,168,130,163,157,8,0,1055(8)
2019,시흥시,경기도시흥교육지원청,경기도 시흥시,배곧해솔초등학교,,공립,,N,,278,250,207,195,181,182,5,0,1298(5)
2019,시흥시,경기도시흥교육지원청,경기도 시흥시,은빛초등학교,,공립,,N,,156,133,99,84,78,52,2,0,604(2)
2019,시흥시,경기도시흥교육지원청,경기도 시흥시,배곧누리초등학교,,공립,,N,,93,75,69,43,45,42,3,0,370(3)
2019,시흥시,경기도시흥교육지원청,경기도 시흥시,월곶중학교,,공립,주간,N,,139,128,146,,,,3,0,416(3)
2019,시흥시,경기도시흥교육지원청,경기도 시흥시,시화중학교,,공립,주간,N,,97,86,118,,,,4,0,305(4)
2019,시흥시,경기도시흥교육지원청,경기도 시흥시,논곡중학교,,공립,주간,N,,59,64,91,,,,4,0,218(4)
2019,시흥시,경기도시흥교육지원청,경기도 시흥시,시흥능곡중학교,,공립,주간,N,,218,205,230,,,,7,0,660(7)
2019,시흥시,경기도시흥교육지원청,경기도 시흥시,응곡중학교,,공립,주간,N,,188,180,177,,,,0,3,548(3)
2019,시흥시,경기도시흥교육지원청,경기도 시흥시,시흥매화중학교,,공립,주간,N,,99,113,136,,,,1,0,349(1)
2019,시흥시,경기도시흥교육지원청,경기도 시흥시,은계중학교,,공립,주간,N,,202,177,249,,,,2,0,630(2)
2019,시흥시,경기도시흥교육지원청,경기도 시흥시,군자중학교,,공립,주간,N,,210,207,205,,,,9,5,636(14)
2019,시흥시,경기도시흥교육지원청,경기도 시흥시,대흥중학교,,공립,주간,N,,132,109,122,,,,7,0,370(7)
2019,시흥시,경기도시흥교육지원청,경기도 시흥시,서해중학교,,공립,주간,N,,358,252,223,,,,5,0,838(5)
2019,시흥시,경기도시흥교육지원청,경기도 시흥시,한국글로벌중학교,,사립,주간,N,,64,49,48,,,,3,0,164(3)
2019,시흥시,경기도시흥교육지원청,경기도 시흥시,소래중학교,,공립,주간,N,,229,251,298,,,,0,0,778(0)
2019,시흥시,경기도시흥교육지원청,경기도 시흥시,송운중학교,,공립,주간,N,,207,200,221,,,,10,0,638(10)
2019,시흥시,경기도시흥교육지원청,경기도 시흥시,시흥은행중학교,,공립,주간,N,,396,358,340,,,,7,0,1101(7)
2019,시흥시,경기도시흥교육지원청,경기도 시흥시,시흥중학교,,공립,주간,N,,239,184,236,,,,10,0,669(10)
2019,시흥시,경기도시흥교육지원청,경기도 시흥시,신천중학교,,공립,주간,N,,84,81,131,,,,13,0,309(13)
2019,시흥시,경기도시흥교육지원청,경기도 시흥시,연성중학교,,공립,주간,N,,223,222,225,,,,4,0,674(4)
2019,시흥시,경기도시흥교육지원청,경기도 시흥시,장곡중학교,,공립,주간,N,,142,150,172,,,,7,0,471(7)
2019,시흥시,경기도시흥교육지원청,경기도 시흥시,정왕중학교,,공립,주간,N,,213,208,155,,,,8,3,587(11)
2018,시흥시,경기도시흥교육지원청,경기도 시흥시,배곧초등학교,,공립,,N,,280,328,273,274,231,200,9,0,1595(9)
2018,시흥시,경기도시흥교육지원청,경기도 시흥시,배곧라온초등학교,,공립,,N,,213,174,153,152,118,115,1,0,926(1)
2018,시흥시,경기도시흥교육지원청,경기도 시흥시,검바위초등학교,,공립,,N,,60,80,65,61,80,70,4,0,420(4)
2018,시흥시,경기도시흥교육지원청,경기도 시흥시,계수초등학교,,공립,,N,,7,16,18,15,9,11,2,0,78(2)
2018,시흥시,경기도시흥교육지원청,경기도 시흥시,군서초등학교,,공립,,N,,131,102,108,92,114,84,11,0,642(11)
2018,시흥시,경기도시흥교육지원청,경기도 시흥시,군자초등학교,,공립,,N,,163,145,127,152,135,133,13,0,868(13)
2018,시흥시,경기도시흥교육지원청,경기도 시흥시,금모래초등학교,,공립,,N,,133,129,121,140,122,134,2,0,781(2)
2018,시흥시,경기도시흥교육지원청,경기도 시흥시,냉정초등학교,,공립,,N,,147,110,117,131,139,155,14,0,813(14)
2018,시흥시,경기도시흥교육지원청,경기도 시흥시,시화초등학교,,공립,,N,,62,58,72,62,76,63,10,3,406(13)
2018,시흥시,경기도시흥교육지원청,경기도 시흥시,시흥매화초등학교,,공립,,N,,75,81,83,74,93,81,3,0,490(3)
2018,시흥시,경기도시흥교육지원청,경기도 시흥시,시흥신일초등학교,,공립,,N,,123,122,133,132,147,128,8,0,793(8)
2018,시흥시,경기도시흥교육지원청,경기도 시흥시,시흥은행초등학교,,공립,,N,,88,82,125,87,109,115,0,0,606(0)
2018,시흥시,경기도시흥교육지원청,경기도 시흥시,시흥초등학교,,공립,,N,,141,133,134,133,151,137,15,0,844(15)
2018,시흥시,경기도시흥교육지원청,경기도 시흥시,신천초등학교,,공립,,N,,53,65,61,82,72,75,7,0,415(7)
2018,시흥시,경기도시흥교육지원청,경기도 시흥시,대야초등학교,,공립,,N,,51,60,60,81,57,55,8,0,372(8)
2018,시흥시,경기도시흥교육지원청,경기도 시흥시,도일초등학교,,공립,,N,,88,85,105,83,87,100,11,3,562(14)
2018,시흥시,경기도시흥교육지원청,경기도 시흥시,도창초등학교,,공립,,N,,33,32,38,34,35,36,2,0,210(2)
2018,시흥시,경기도시흥교육지원청,경기도 시흥시,목감초등학교,,공립,,N,,71,86,70,77,76,81,7,0,468(7)
2018,시흥시,경기도시흥교육지원청,경기도 시흥시,산현초등학교,,공립,,N,,142,101,87,62,71,53,0,0,516(0)
2018,시흥시,경기도시흥교육지원청,경기도 시흥시,운흥초등학교,,공립,,N,,94,82,63,68,59,47,1,0,414(1)
2018,시흥시,경기도시흥교육지원청,경기도 시흥시,조남초등학교,,공립,,N,,145,103,84,80,77,74,8,0,571(8)
2018,시흥시,경기도시흥교육지원청,경기도 시흥시,생금초등학교,,공립,,N,,94,80,87,82,80,62,5,0,490(5)
2018,시흥시,경기도시흥교육지원청,경기도 시흥시,월포초등학교,,공립,,N,,61,39,51,54,41,34,4,0,284(4)
2018,시흥시,경기도시흥교육지원청,경기도 시흥시,서촌초등학교,,공립,,N,,109,97,111,125,128,101,7,0,678(7)
2018,시흥시,경기도시흥교육지원청,경기도 시흥시,서해초등학교,,공립,,N,,172,174,158,180,175,167,8,3,1037(11)
2018,시흥시,경기도시흥교육지원청,경기도 시흥시,소래초등학교,,공립,,N,,65,71,64,78,82,80,5,0,445(5)
2018,시흥시,경기도시흥교육지원청,경기도 시흥시,송운초등학교,,공립,,N,,132,145,153,173,169,169,16,0,957(16)
2018,시흥시,경기도시흥교육지원청,경기도 시흥시,시흥도원초등학교,,공립,,N,,65,84,74,76,81,89,5,0,474(5)
2018,시흥시,경기도시흥교육지원청,경기도 시흥시,시흥월곶초등학교,,공립,,N,,144,142,109,127,116,117,6,0,761(6)
2018,시흥시,경기도시흥교육지원청,경기도 시흥시,시흥장현초등학교,,공립,,N,,62,70,65,69,78,73,6,0,423(6)
2018,시흥시,경기도시흥교육지원청,경기도 시흥시,은계초등학교,,공립,,N,,81,82,92,100,122,119,4,5,605(9)
2018,시흥시,경기도시흥교육지원청,경기도 시흥시,장곡초등학교,,공립,,N,,155,204,166,175,198,164,6,0,1068(6)
2018,시흥시,경기도시흥교육지원청,경기도 시흥시,정왕초등학교,,공립,,N,,176,190,182,191,181,173,15,4,1112(19)
2018,시흥시,경기도시흥교육지원청,경기도 시흥시,진말초등학교,,공립,,N,,76,110,87,107,133,96,4,0,613(4)
2018,시흥시,경기도시흥교육지원청,경기도 시흥시,포리초등학교,,공립,,N,,50,47,47,57,41,47,3,0,292(3)
2018,시흥시,경기도시흥교육지원청,경기도 시흥시,연성초등학교,,공립,,N,,60,88,82,79,99,108,4,0,520(4)
2018,시흥시,경기도시흥교육지원청,경기도 시흥시,옥터초등학교,,공립,,N,,61,54,60,52,54,45,5,0,331(5)
2018,시흥시,경기도시흥교육지원청,경기도 시흥시,하중초등학교,,공립,,N,,71,92,110,127,130,131,9,0,670(9)
2018,시흥시,경기도시흥교육지원청,경기도 시흥시,함현초등학교,,공립,,N,,86,89,96,95,98,112,7,0,583(7)
2018,시흥시,경기도시흥교육지원청,경기도 시흥시,시흥능곡초등학교,,공립,,N,,113,130,125,153,174,152,7,0,854(7)
2018,시흥시,경기도시흥교육지원청,경기도 시흥시,웃터골초등학교,,공립,,N,,90,85,50,60,59,64,4,0,412(4)
2018,시흥시,경기도시흥교육지원청,경기도 시흥시,승지초등학교,,공립,,N,,76,85,72,80,77,82,7,0,479(7)
2018,시흥시,경기도시흥교육지원청,경기도 시흥시,시흥중학교,,공립,주간,N,,183,243,226,8,,,,0,660(8)
2018,시흥시,경기도시흥교육지원청,경기도 시흥시,신천중학교,,공립,주간,N,,79,127,167,16,,,,0,389(16)
2018,시흥시,경기도교육청,경기도 시흥시,시흥매화고등학교,,공립,주간,N,,208,223,245,6,,,,0,682(6)
2018,시흥시,경기도교육청,경기도 시흥시,신천고등학교,,공립,주간,N,,258,278,303,18,,,,0,857(18)
2018,시흥시,경기도교육청,경기도 시흥시,배곧고등학교,,공립,주간,N,,307,325,287,3,,,,0,922(3)
2018,시흥시,경기도교육청,경기도 시흥시,시화공업고등학교,,공립,주간,N,,104,154,227,11,,,,0,496(11)
2018,시흥시,경기도교육청,경기도 시흥시,은행고등학교,,공립,주간,N,,284,360,449,21,,,,0,1114(21)
2018,시흥시,경기도시흥교육지원청,경기도 시흥시,월곶중학교,,공립,주간,N,,130,149,131,5,,,,0,415(5)
2018,시흥시,경기도시흥교육지원청,경기도 시흥시,시화중학교,,공립,주간,N,,82,120,151,4,,,,0,357(4)
2018,시흥시,경기도시흥교육지원청,경기도 시흥시,논곡중학교,,공립,주간,N,,66,87,94,2,,,,0,249(2)
2018,시흥시,경기도시흥교육지원청,경기도 시흥시,군자중학교,,공립,주간,N,,224,224,216,9,,,,4,677(13)
2018,시흥시,경기도시흥교육지원청,경기도 시흥시,대흥중학교,,공립,주간,N,,108,123,160,6,,,,0,397(6)
2018,시흥시,경기도시흥교육지원청,경기도 시흥시,서해중학교,,공립,주간,N,,241,215,231,7,,,,0,694(7)
2018,시흥시,경기도시흥교육지원청,경기도 시흥시,한국글로벌중학교,,사립,주간,N,,49,49,51,3,,,,0,152(3)
2018,시흥시,경기도시흥교육지원청,경기도 시흥시,소래중학교,,공립,주간,N,,244,292,325,0,,,,0,861(0)
2018,시흥시,경기도시흥교육지원청,경기도 시흥시,송운중학교,,공립,주간,N,,197,203,235,7,,,,0,642(7)
2018,시흥시,경기도시흥교육지원청,경기도 시흥시,시흥은행중학교,,공립,주간,N,,334,313,304,8,,,,0,959(8)
2018,시흥시,경기도시흥교육지원청,경기도 시흥시,시흥능곡중학교,,공립,주간,N,,213,233,221,5,,,,0,672(5)
2018,시흥시,경기도시흥교육지원청,경기도 시흥시,응곡중학교,,공립,주간,N,,185,180,202,0,,,,4,571(4)
2018,시흥시,경기도시흥교육지원청,경기도 시흥시,시흥매화중학교,,공립,주간,N,,116,137,122,5,,,,0,380(5)
2018,시흥시,경기도시흥교육지원청,경기도 시흥시,은계중학교,,공립,주간,N,,174,241,229,3,,,,0,647(3)
2018,시흥시,경기도교육청,경기도 시흥시,시흥능곡고등학교,,공립,주간,N,,326,337,329,12,,,,0,1004(12)
2018,시흥시,경기도교육청,경기도 시흥시,장곡고등학교,,공립,주간,N,,220,268,303,11,,,,0,802(11)
2018,시흥시,경기도교육청,경기도 시흥시,정왕고등학교,,공립,주간,N,,307,312,419,0,,,,0,1038(0)
2018,시흥시,경기도시흥교육지원청,경기도 시흥시,조남중학교,,공립,주간,N,,165,122,76,2,,,,0,365(2)
2018,시흥시,경기도시흥교육지원청,경기도 시흥시,연성중학교,,공립,주간,N,,221,231,235,7,,,,0,694(7)
2018,시흥시,경기도시흥교육지원청,경기도 시흥시,장곡중학교,,공립,주간,N,,151,182,196,5,,,,0,534(5)
2018,시흥시,경기도시흥교육지원청,경기도 시흥시,정왕중학교,,공립,주간,N,,206,161,164,9,,,,4,544(13)
2018,시흥시,경기도시흥교육지원청,경기도 시흥시,함현중학교,,공립,주간,N,,233,235,233,1,,,,0,702(1)
2018,시흥시,경기도시흥교육지원청,경기도 시흥시,배곧중학교,,공립,주간,N,,466,355,314,6,,,,0,1141(6)
2018,시흥시,경기도교육청,경기도 시흥시,군서고등학교,,공립,주간,N,,304,306,348,10,,,,0,968(10)
2018,시흥시,경기도교육청,경기도 시흥시,군자디지털과학고등학교,,공립,주간,N,,194,215,217,13,,,,5,644(18)
2018,시흥시,경기도교육청,경기도 시흥시,시흥고등학교,,공립,주간,N,,326,394,428,16,,,,0,1164(16)
2018,시흥시,경기도시흥교육지원청,경기도 시흥시,배곧한울초등학교,,공립,,N,,232,168,133,156,152,132,0,0,973(0)
2018,시흥시,경기도시흥교육지원청,경기도 시흥시,배곧해솔초등학교,,공립,,N,,93,53,64,52,57,40,0,0,359(0)
2018,시흥시,경기도교육청,경기도 시흥시,한국조리과학고등학교,,사립,주간,N,,248,242,244,0,,,,0,734(0)
2018,시흥시,경기도교육청,경기도 시흥시,경기자동차과학고등학교,,사립,주간,N,,242,220,232,0,,,,0,694(0)
2018,시흥시,경기도교육청,경기도 시흥시,함현고등학교,,공립,주간,N,,265,289,281,10,,,,0,845(10)
2018,시흥시,경기도시흥교육지원청,경기도 시흥시,군서중학교,,공립,주간,N,,34,82,148,6,,,,0,270(6)
2018,시흥시,경기도교육청,경기도 시흥시,소래고등학교,,공립,주간,N,,366,403,466,12,,,,0,1247(12)
2018,시흥시,경기도교육청,경기도 시흥시,서해고등학교,,공립,주간,N,,336,334,383,22,,,,0,1075(22)
2017,시흥시,경기도시흥교육지원청,경기도 시흥시,송운중학교,,공립,주간,N,,204,235,227,,,,9,0,675(9)
2017,시흥시,경기도시흥교육지원청,경기도 시흥시,시흥은행중학교,,공립,주간,N,,306,302,325,,,,9,0,942(9)
2017,시흥시,경기도시흥교육지원청,경기도 시흥시,시흥중학교,,공립,주간,N,,245,224,205,,,,12,0,686(12)
2017,시흥시,경기도시흥교육지원청,경기도 시흥시,신천중학교,,공립,주간,N,,125,165,164,,,,15,0,469(15)
2017,시흥시,경기도시흥교육지원청,경기도 시흥시,조남중학교,,공립,주간,N,,65,46,19,,,,2,0,132(2)
2017,시흥시,경기도시흥교육지원청,경기도 시흥시,배곧중학교,,공립,주간,N,,215,192,98,,,,2,0,507(2)
2017,시흥시,경기도시흥교육지원청,경기도 시흥시,군자초등학교,,공립,,N,,145,136,162,147,139,153,11,0,893(11)
2017,시흥시,경기도시흥교육지원청,경기도 시흥시,금모래초등학교,,공립,,N,,132,125,142,128,134,126,2,0,789(2)
2017,시흥시,경기도시흥교육지원청,경기도 시흥시,냉정초등학교,,공립,,N,,125,126,133,144,160,142,14,0,844(14)
2017,시흥시,경기도교육청,경기도 시흥시,정왕고등학교,,공립,주간,N,,313,423,371,,,,0,0,1107(0)
2017,시흥시,경기도시흥교육지원청,경기도 시흥시,승지초등학교,,공립,,N,,87,81,78,78,89,61,7,0,481(7)
2017,시흥시,경기도시흥교육지원청,경기도 시흥시,배곧초등학교,,공립,,N,,333,282,269,232,189,197,5,0,1507(5)
2017,시흥시,경기도시흥교육지원청,경기도 시흥시,운흥초등학교,,공립,,N,,45,28,31,33,29,17,0,0,183(0)
2017,시흥시,경기도시흥교육지원청,경기도 시흥시,조남초등학교,,공립,,N,,81,58,61,56,53,39,5,0,353(5)
2017,시흥시,경기도시흥교육지원청,경기도 시흥시,생금초등학교,,공립,,N,,92,97,91,87,68,49,5,0,489(5)
2017,시흥시,경기도교육청,경기도 시흥시,군서고등학교,,공립,주간,N,,302,354,363,,,,12,0,1031(12)
2017,시흥시,경기도교육청,경기도 시흥시,장곡고등학교,,공립,주간,N,,269,312,329,,,,12,0,922(12)
2017,시흥시,경기도시흥교육지원청,경기도 시흥시,신천초등학교,,공립,,N,,73,64,89,76,80,87,9,0,478(9)
2017,시흥시,경기도시흥교육지원청,경기도 시흥시,시흥도원초등학교,,공립,,N,,83,78,80,86,92,94,7,0,520(7)
2017,시흥시,경기도시흥교육지원청,경기도 시흥시,시흥월곶초등학교,,공립,,N,,154,116,130,128,122,103,7,0,760(7)
2017,시흥시,경기도시흥교육지원청,경기도 시흥시,시흥장현초등학교,,공립,,N,,70,65,76,85,72,75,6,0,449(6)
2017,시흥시,경기도시흥교육지원청,경기도 시흥시,월포초등학교,,공립,,N,,44,52,61,42,49,51,3,0,302(3)
2017,시흥시,경기도교육청,경기도 시흥시,군자공업고등학교,,공립,주간,N,,225,219,219,,,,12,3,678(15)
2017,시흥시,경기도교육청,경기도 시흥시,배곧고등학교,,공립,주간,N,,305,283,0,,,,0,0,588(0)
2017,시흥시,경기도시흥교육지원청,경기도 시흥시,시흥능곡중학교,,공립,주간,N,,241,225,215,,,,5,0,686(5)
2017,시흥시,경기도시흥교육지원청,경기도 시흥시,응곡중학교,,공립,주간,N,,178,199,173,,,,0,3,553(3)
2017,시흥시,경기도시흥교육지원청,경기도 시흥시,시흥매화중학교,,공립,주간,N,,138,121,136,,,,8,0,403(8)
2017,시흥시,경기도시흥교육지원청,경기도 시흥시,은계중학교,,공립,주간,N,,236,234,223,,,,5,0,698(5)
2017,시흥시,경기도교육청,경기도 시흥시,시흥고등학교,,공립,주간,N,,404,426,434,,,,19,0,1283(19)
2017,시흥시,경기도시흥교육지원청,경기도 시흥시,웃터골초등학교,,공립,,N,,61,33,41,41,48,47,2,0,273(2)
2017,시흥시,경기도시흥교육지원청,경기도 시흥시,월곶중학교,,공립,주간,N,,148,136,138,,,,5,0,427(5)
2017,시흥시,경기도시흥교육지원청,경기도 시흥시,시화중학교,,공립,주간,N,,119,158,148,,,,5,0,430(5)
2017,시흥시,경기도시흥교육지원청,경기도 시흥시,논곡중학교,,공립,주간,N,,86,91,106,,,,5,0,288(5)
2017,시흥시,경기도시흥교육지원청,경기도 시흥시,시흥능곡초등학교,,공립,,N,,130,129,165,188,159,161,5,0,937(5)
2017,시흥시,경기도교육청,경기도 시흥시,시흥능곡고등학교,,공립,주간,N,,347,337,394,,,,10,0,1088(10)
2017,시흥시,경기도교육청,경기도 시흥시,시흥매화고등학교,,공립,주간,N,,223,242,246,,,,5,0,716(5)
2017,시흥시,경기도교육청,경기도 시흥시,신천고등학교,,공립,주간,N,,282,303,299,,,,22,0,906(22)
2017,시흥시,경기도시흥교육지원청,경기도 시흥시,군서중학교,,공립,주간,N,,93,155,157,,,,5,0,410(5)
2017,시흥시,경기도교육청,경기도 시흥시,은행고등학교,,공립,주간,N,,362,452,471,,,,22,2,1309(24)
2017,시흥시,경기도시흥교육지원청,경기도 시흥시,시화초등학교,,공립,,N,,72,76,64,78,64,56,12,5,427(17)
2017,시흥시,경기도시흥교육지원청,경기도 시흥시,시흥매화초등학교,,공립,,N,,85,86,76,90,82,82,2,0,503(2)
2017,시흥시,경기도시흥교육지원청,경기도 시흥시,시흥신일초등학교,,공립,,N,,126,133,133,151,129,146,9,0,827(9)
2017,시흥시,경기도시흥교육지원청,경기도 시흥시,시흥은행초등학교,,공립,,N,,86,129,90,112,119,116,2,0,654(2)
2017,시흥시,경기도시흥교육지원청,경기도 시흥시,시흥초등학교,,공립,,N,,138,145,146,157,144,109,10,0,849(10)
2017,시흥시,경기도시흥교육지원청,경기도 시흥시,연성초등학교,,공립,,N,,96,85,86,106,112,106,4,0,595(4)
2017,시흥시,경기도시흥교육지원청,경기도 시흥시,옥터초등학교,,공립,,N,,64,64,66,64,53,53,5,0,369(5)
2017,시흥시,경기도시흥교육지원청,경기도 시흥시,은계초등학교,,공립,,N,,84,95,98,128,122,98,3,5,633(8)
2017,시흥시,경기도시흥교육지원청,경기도 시흥시,장곡초등학교,,공립,,N,,214,177,187,216,173,194,3,0,1164(3)
2017,시흥시,경기도시흥교육지원청,경기도 시흥시,정왕초등학교,,공립,,N,,205,202,197,198,185,187,14,3,1191(17)
2017,시흥시,경기도시흥교육지원청,경기도 시흥시,진말초등학교,,공립,,N,,108,88,105,130,102,96,4,0,633(4)
2017,시흥시,경기도시흥교육지원청,경기도 시흥시,포리초등학교,,공립,,N,,55,52,61,43,51,52,3,0,317(3)
2017,시흥시,경기도시흥교육지원청,경기도 시흥시,하중초등학교,,공립,,N,,101,113,125,139,141,128,9,0,756(9)
2017,시흥시,경기도시흥교육지원청,경기도 시흥시,함현초등학교,,공립,,N,,83,90,105,87,120,99,5,0,589(5)
2017,시흥시,경기도교육청,경기도 시흥시,시화공업고등학교,,공립,주간,N,,173,242,283,,,,17,0,715(17)
2017,시흥시,경기도시흥교육지원청,경기도 시흥시,검바위초등학교,,공립,,N,,79,72,64,85,74,81,4,0,459(4)
2017,시흥시,경기도시흥교육지원청,경기도 시흥시,계수초등학교,,공립,,N,,12,20,14,9,10,12,3,0,80(3)
2017,시흥시,경기도시흥교육지원청,경기도 시흥시,군서초등학교,,공립,,N,,122,125,108,128,90,84,9,0,666(9)
2017,시흥시,경기도시흥교육지원청,경기도 시흥시,서촌초등학교,,공립,,N,,107,120,137,138,123,112,8,0,745(8)
2017,시흥시,경기도시흥교육지원청,경기도 시흥시,서해초등학교,,공립,,N,,188,182,206,197,192,196,9,4,1174(13)
2017,시흥시,경기도시흥교육지원청,경기도 시흥시,소래초등학교,,공립,,N,,73,64,77,80,80,77,3,0,454(3)
2017,시흥시,경기도시흥교육지원청,경기도 시흥시,송운초등학교,,공립,,N,,165,181,184,185,181,159,14,0,1069(14)
2017,시흥시,경기도시흥교육지원청,경기도 시흥시,함현중학교,,공립,주간,N,,237,237,229,,,,1,0,704(1)
2017,시흥시,경기도교육청,경기도 시흥시,한국조리과학고등학교,,사립,주간,N,,244,243,248,,,,0,0,735(0)
2017,시흥시,경기도교육청,경기도 시흥시,경기자동차과학고등학교,,사립,주간,N,,242,237,228,,,,0,0,707(0)
2017,시흥시,경기도교육청,경기도 시흥시,함현고등학교,,공립,주간,N,,302,282,275,,,,12,0,871(12)
2017,시흥시,경기도시흥교육지원청,경기도 시흥시,연성중학교,,공립,주간,N,,244,233,298,,,,10,0,785(10)
2017,시흥시,경기도시흥교육지원청,경기도 시흥시,장곡중학교,,공립,주간,N,,184,199,200,,,,7,0,590(7)
2017,시흥시,경기도시흥교육지원청,경기도 시흥시,정왕중학교,,공립,주간,N,,168,160,180,,,,6,7,521(13)
2017,시흥시,경기도시흥교육지원청,경기도 시흥시,대야초등학교,,공립,,N,,61,60,84,65,57,60,7,0,394(7)
2017,시흥시,경기도시흥교육지원청,경기도 시흥시,도일초등학교,,공립,,N,,102,110,95,95,113,96,11,5,627(16)
2017,시흥시,경기도시흥교육지원청,경기도 시흥시,도창초등학교,,공립,,N,,34,40,35,34,36,39,2,0,220(2)
2017,시흥시,경기도시흥교육지원청,경기도 시흥시,목감초등학교,,공립,,N,,95,81,75,80,82,77,4,0,494(4)
2017,시흥시,경기도교육청,경기도 시흥시,서해고등학교,,공립,주간,N,,321,387,407,,,,19,0,1134(19)
2017,시흥시,경기도교육청,경기도 시흥시,소래고등학교,,공립,주간,N,,420,471,499,,,,16,0,1406(16)
2017,시흥시,경기도시흥교육지원청,경기도 시흥시,군자중학교,,공립,주간,N,,223,220,240,,,,10,0,693(10)
2017,시흥시,경기도시흥교육지원청,경기도 시흥시,대흥중학교,,공립,주간,N,,126,160,157,,,,3,0,446(3)
2017,시흥시,경기도시흥교육지원청,경기도 시흥시,서해중학교,,공립,주간,N,,217,227,202,,,,11,0,657(11)
2017,시흥시,경기도시흥교육지원청,경기도 시흥시,한국글로벌중학교,,사립,주간,N,,48,54,39,,,,2,0,143(2)
2017,시흥시,경기도시흥교육지원청,경기도 시흥시,소래중학교,,공립,주간,N,,306,339,327,,,,0,0,972(0)
2016,시흥시,경기도시흥교육지원청,경기도 시흥시,정왕중학교,,공립,주간,N,,162,186,206,,,,7,4,565(11)
2016,시흥시,경기도시흥교육지원청,경기도 시흥시,함현중학교,,공립,주간,N,,238,229,274,,,,0,0,741(0)
2016,시흥시,경기도시흥교육지원청,경기도 시흥시,생금초등학교,,공립,,N,,106,94,87,66,53,51,2,0,459(2)
2016,시흥시,경기도시흥교육지원청,경기도 시흥시,서해중학교,,공립,주간,N,,226,205,217,,,,9,0,657(9)
2016,시흥시,경기도시흥교육지원청,경기도 시흥시,한국글로벌중학교,,사립,주간,N,,54,39,30,,,,2,0,125(2)
2016,시흥시,경기도시흥교육지원청,경기도 시흥시,소래중학교,,공립,주간,N,,341,330,414,,,,0,0,1085(0)
2016,시흥시,경기도시흥교육지원청,경기도 시흥시,송운중학교,,공립,주간,N,,237,223,287,,,,9,0,756(9)
2016,시흥시,경기도시흥교육지원청,경기도 시흥시,시흥은행중학교,,공립,주간,N,,305,326,338,,,,11,0,980(11)
2016,시흥시,경기도시흥교육지원청,경기도 시흥시,신천중학교,,공립,주간,N,,166,164,195,,,,16,0,541(16)
2016,시흥시,경기도시흥교육지원청,경기도 시흥시,시화중학교,,공립,주간,N,,166,150,167,,,,6,0,489(6)
2016,시흥시,경기도시흥교육지원청,경기도 시흥시,군자중학교,,공립,주간,N,,222,241,288,,,,8,0,759(8)
2016,시흥시,경기도시흥교육지원청,경기도 시흥시,대흥중학교,,공립,주간,N,,159,154,171,,,,4,0,488(4)
2016,시흥시,경기도교육청,경기도 시흥시,은행고등학교,,공립,주간,N,,451,474,468,,,,23,4,1420(27)
2016,시흥시,경기도교육청,경기도 시흥시,장곡고등학교,,공립,주간,N,,311,330,324,,,,18,0,983(18)
2016,시흥시,경기도교육청,경기도 시흥시,정왕고등학교,,공립,주간,N,,423,376,409,,,,0,0,1208(0)
2016,시흥시,경기도시흥교육지원청,경기도 시흥시,시흥능곡중학교,,공립,주간,N,,233,217,238,,,,4,0,692(4)
2016,시흥시,경기도시흥교육지원청,경기도 시흥시,응곡중학교,,공립,주간,N,,204,176,225,,,,0,2,607(2)
2016,시흥시,경기도시흥교육지원청,경기도 시흥시,시흥매화중학교,,공립,주간,N,,128,135,176,,,,7,0,446(7)
2016,시흥시,경기도시흥교육지원청,경기도 시흥시,군서중학교,,공립,주간,N,,160,158,168,,,,4,0,490(4)
2016,시흥시,경기도시흥교육지원청,경기도 시흥시,배곧중학교,,공립,주간,N,,146,76,72,,,,2,0,296(2)
2016,시흥시,경기도교육청,경기도 시흥시,한국조리과학고등학교,,사립,주간,N,,247,246,247,,,,0,0,740(0)
2016,시흥시,경기도교육청,경기도 시흥시,경기자동차과학고등학교,,사립,주간,N,,241,231,226,,,,0,0,698(0)
2016,시흥시,경기도교육청,경기도 시흥시,함현고등학교,,공립,주간,N,,306,278,283,,,,13,0,880(13)
2016,시흥시,경기도시흥교육지원청,경기도 시흥시,월곶중학교,,공립,주간,N,,142,147,130,,,,6,0,425(6)
2016,시흥시,경기도시흥교육지원청,경기도 시흥시,은계중학교,,공립,주간,N,,234,223,279,,,,6,0,742(6)
2016,시흥시,경기도교육청,경기도 시흥시,군자공업고등학교,,공립,주간,N,,222,220,251,,,,9,5,707(14)
2016,시흥시,경기도교육청,경기도 시흥시,소래고등학교,,공립,주간,N,,483,495,520,,,,15,0,1513(15)
2016,시흥시,경기도교육청,경기도 시흥시,시화공업고등학교,,공립,주간,N,,274,290,282,,,,18,0,864(18)
2016,시흥시,경기도교육청,경기도 시흥시,시흥고등학교,,공립,주간,N,,420,434,469,,,,15,0,1338(15)
2016,시흥시,경기도교육청,경기도 시흥시,군서고등학교,,공립,주간,N,,356,370,372,,,,14,0,1112(14)
2016,시흥시,경기도시흥교육지원청,경기도 시흥시,서해초등학교,,공립,,N,,186,218,202,198,200,195,14,0,1213(14)
2016,시흥시,경기도시흥교육지원청,경기도 시흥시,시흥신일초등학교,,공립,,N,,136,132,151,129,150,168,9,0,875(9)
2016,시흥시,경기도교육청,경기도 시흥시,시흥매화고등학교,,공립,주간,N,,239,244,223,,,,5,0,711(5)
2016,시흥시,경기도교육청,경기도 시흥시,서해고등학교,,공립,주간,N,,390,417,404,,,,21,0,1232(21)
2016,시흥시,경기도시흥교육지원청,경기도 시흥시,시흥중학교,,공립,주간,N,,230,208,261,,,,13,0,712(13)
2016,시흥시,경기도시흥교육지원청,경기도 시흥시,배곧초등학교,,공립,,N,,180,168,147,111,137,121,2,0,866(2)
2016,시흥시,경기도교육청,경기도 시흥시,배곧고등학교,,공립,주간,N,,283,0,0,,,,0,0,283(0)
2016,시흥시,경기도교육청,경기도 시흥시,시흥능곡고등학교,,공립,주간,N,,336,401,362,,,,11,0,1110(11)
2016,시흥시,경기도교육청,경기도 시흥시,신천고등학교,,공립,주간,N,,299,298,295,,,,19,0,911(19)
2016,시흥시,경기도시흥교육지원청,경기도 시흥시,송운초등학교,,공립,,N,,194,186,184,179,165,192,14,0,1114(14)
2016,시흥시,경기도시흥교육지원청,경기도 시흥시,검바위초등학교,,공립,,N,,72,62,89,78,81,91,4,0,477(4)
2016,시흥시,경기도시흥교육지원청,경기도 시흥시,웃터골초등학교,,공립,,N,,31,43,41,49,50,56,2,0,272(2)
2016,시흥시,경기도시흥교육지원청,경기도 시흥시,논곡중학교,,공립,주간,N,,101,104,103,,,,5,0,313(5)
2016,시흥시,경기도시흥교육지원청,경기도 시흥시,군서초등학교,,공립,,N,,141,113,123,88,94,75,7,0,641(7)
2016,시흥시,경기도시흥교육지원청,경기도 시흥시,군자초등학교,,공립,,N,,148,166,157,141,153,148,11,0,924(11)
2016,시흥시,경기도시흥교육지원청,경기도 시흥시,금모래초등학교,,공립,,N,,126,149,134,140,129,145,2,0,825(2)
2016,시흥시,경기도시흥교육지원청,경기도 시흥시,냉정초등학교,,공립,,N,,135,144,151,166,143,148,10,0,897(10)
2016,시흥시,경기도시흥교육지원청,경기도 시흥시,대야초등학교,,공립,,N,,65,79,70,55,65,86,9,0,429(9)
2016,시흥시,경기도시흥교육지원청,경기도 시흥시,도일초등학교,,공립,,N,,118,100,98,124,102,100,9,5,656(14)
2016,시흥시,경기도시흥교육지원청,경기도 시흥시,도창초등학교,,공립,,N,,42,37,35,39,40,51,2,0,246(2)
2016,시흥시,경기도시흥교육지원청,경기도 시흥시,목감초등학교,,공립,,N,,86,86,81,95,82,105,3,0,538(3)
2016,시흥시,경기도시흥교육지원청,경기도 시흥시,서촌초등학교,,공립,,N,,130,141,150,135,114,109,9,0,788(9)
2016,시흥시,경기도시흥교육지원청,경기도 시흥시,소래초등학교,,공립,,N,,64,79,75,83,76,97,3,0,477(3)
2016,시흥시,경기도시흥교육지원청,경기도 시흥시,시화초등학교,,공립,,N,,74,66,74,62,59,53,12,4,404(16)
2016,시흥시,경기도시흥교육지원청,경기도 시흥시,시흥매화초등학교,,공립,,N,,84,77,84,83,79,101,3,0,511(3)
2016,시흥시,경기도시흥교육지원청,경기도 시흥시,시흥은행초등학교,,공립,,N,,128,90,112,118,115,115,2,0,680(2)
2016,시흥시,경기도시흥교육지원청,경기도 시흥시,시흥초등학교,,공립,,N,,152,150,160,149,119,144,9,0,883(9)
2016,시흥시,경기도시흥교육지원청,경기도 시흥시,신천초등학교,,공립,,N,,64,90,81,86,87,87,10,0,505(10)
2016,시흥시,경기도시흥교육지원청,경기도 시흥시,계수초등학교,,공립,,N,,21,15,8,9,12,16,2,0,83(2)
2016,시흥시,경기도시흥교육지원청,경기도 시흥시,시흥도원초등학교,,공립,,N,,79,74,92,93,95,111,6,0,550(6)
2016,시흥시,경기도시흥교육지원청,경기도 시흥시,시흥월곶초등학교,,공립,,N,,127,132,140,134,110,113,6,0,762(6)
2016,시흥시,경기도시흥교육지원청,경기도 시흥시,시흥장현초등학교,,공립,,N,,70,87,90,83,78,78,4,0,490(4)
2016,시흥시,경기도시흥교육지원청,경기도 시흥시,연성초등학교,,공립,,N,,90,86,104,109,107,96,4,0,596(4)
2016,시흥시,경기도시흥교육지원청,경기도 시흥시,옥터초등학교,,공립,,N,,71,77,69,62,58,53,4,0,394(4)
2016,시흥시,경기도시흥교육지원청,경기도 시흥시,은계초등학교,,공립,,N,,97,103,128,120,96,137,4,5,690(9)
2016,시흥시,경기도시흥교육지원청,경기도 시흥시,장곡초등학교,,공립,,N,,178,188,220,185,189,183,5,0,1148(5)
2016,시흥시,경기도시흥교육지원청,경기도 시흥시,정왕초등학교,,공립,,N,,204,211,204,190,189,182,13,5,1198(18)
2016,시흥시,경기도시흥교육지원청,경기도 시흥시,진말초등학교,,공립,,N,,93,105,128,100,96,124,4,0,650(4)
2016,시흥시,경기도시흥교육지원청,경기도 시흥시,포리초등학교,,공립,,N,,54,64,45,57,52,51,4,0,327(4)
2016,시흥시,경기도시흥교육지원청,경기도 시흥시,하중초등학교,,공립,,N,,113,121,138,145,130,159,11,0,817(11)
2016,시흥시,경기도시흥교육지원청,경기도 시흥시,함현초등학교,,공립,,N,,96,109,93,121,97,113,5,0,634(5)
2016,시흥시,경기도시흥교육지원청,경기도 시흥시,월포초등학교,,공립,,N,,59,66,47,48,56,43,3,0,322(3)
2016,시흥시,경기도시흥교육지원청,경기도 시흥시,시흥능곡초등학교,,공립,,N,,135,172,186,169,169,181,0,0,1012(0)
2016,시흥시,경기도시흥교육지원청,경기도 시흥시,승지초등학교,,공립,,N,,84,79,84,85,64,58,9,0,463(9)
2016,시흥시,경기도시흥교육지원청,경기도 시흥시,연성중학교,,공립,주간,N,,231,301,326,,,,10,0,868(10)
2016,시흥시,경기도시흥교육지원청,경기도 시흥시,장곡중학교,,공립,주간,N,,207,204,286,,,,5,0,702(5)
2015,시흥시,경기도교육청,경기도 시흥시,소래고등학교,,공립,주간,N,,516,527,501,,,,15,0,1559(15)
2015,시흥시,경기도교육청,경기도 시흥시,시화공업고등학교,,공립,주간,N,,306,292,280,,,,21,3,902(24)
2015,시흥시,경기도시흥교육지원청,경기도 시흥시,승지초등학교,,공립,,N,,79,85,88,67,59,68,12,0,458(12)
2015,시흥시,경기도시흥교육지원청,경기도 시흥시,생금초등학교,,공립,,N,,94,89,63,51,51,49,2,0,399(2)
2015,시흥시,경기도교육청,경기도 시흥시,한국조리과학고등학교,,사립,주간,N,,249,250,245,,,,0,0,744(0)
2015,시흥시,경기도시흥교육지원청,경기도 시흥시,연성중학교,,공립,주간,N,,306,331,352,,,,13,0,1002(13)
2015,시흥시,경기도시흥교육지원청,경기도 시흥시,진말초등학교,,공립,,N,,106,121,99,95,119,128,3,0,671(3)
2015,시흥시,경기도시흥교육지원청,경기도 시흥시,대야초등학교,,공립,,N,,79,70,65,77,87,86,7,0,471(7)
2015,시흥시,경기도시흥교육지원청,경기도 시흥시,서해초등학교,,공립,,N,,230,211,206,197,198,240,11,5,1298(16)
2015,시흥시,경기도시흥교육지원청,경기도 시흥시,연성초등학교,,공립,,N,,93,107,110,108,101,109,2,0,630(2)
2015,시흥시,경기도시흥교육지원청,경기도 시흥시,옥터초등학교,,공립,,N,,81,80,64,60,60,58,3,0,406(3)
2015,시흥시,경기도시흥교육지원청,경기도 시흥시,은계초등학교,,공립,,N,,108,125,118,98,136,148,5,3,741(8)
2015,시흥시,경기도시흥교육지원청,경기도 시흥시,장곡초등학교,,공립,,N,,193,230,184,183,193,210,3,0,1196(3)
2015,시흥시,경기도시흥교육지원청,경기도 시흥시,정왕초등학교,,공립,,N,,212,217,202,193,193,202,12,4,1235(16)
2015,시흥시,경기도시흥교육지원청,경기도 시흥시,포리초등학교,,공립,,N,,73,48,60,59,54,66,2,0,362(2)
2015,시흥시,경기도시흥교육지원청,경기도 시흥시,검바위초등학교,,공립,,N,,75,88,74,88,95,114,3,0,537(3)
2015,시흥시,경기도시흥교육지원청,경기도 시흥시,계수초등학교,,공립,,N,,15,9,9,15,15,9,1,0,73(1)
2015,시흥시,경기도시흥교육지원청,경기도 시흥시,군서초등학교,,공립,,N,,126,124,99,102,79,79,7,0,616(7)
2015,시흥시,경기도시흥교육지원청,경기도 시흥시,군자초등학교,,공립,,N,,169,173,143,160,154,159,8,0,966(8)
2015,시흥시,경기도시흥교육지원청,경기도 시흥시,금모래초등학교,,공립,,N,,148,130,147,128,145,120,2,0,820(2)
2015,시흥시,경기도시흥교육지원청,경기도 시흥시,냉정초등학교,,공립,,N,,143,178,175,150,154,168,13,0,981(13)
2015,시흥시,경기도시흥교육지원청,경기도 시흥시,도일초등학교,,공립,,N,,106,101,130,103,115,96,8,5,664(13)
2015,시흥시,경기도시흥교육지원청,경기도 시흥시,도창초등학교,,공립,,N,,38,36,40,41,52,35,2,0,244(2)
2015,시흥시,경기도시흥교육지원청,경기도 시흥시,목감초등학교,,공립,,N,,66,74,84,70,95,88,2,0,479(2)
2015,시흥시,경기도시흥교육지원청,경기도 시흥시,서촌초등학교,,공립,,N,,155,161,141,117,118,137,8,0,837(8)
2015,시흥시,경기도시흥교육지원청,경기도 시흥시,소래초등학교,,공립,,N,,85,86,88,79,97,102,3,0,540(3)
2015,시흥시,경기도시흥교육지원청,경기도 시흥시,송운초등학교,,공립,,N,,198,189,185,191,202,222,12,0,1199(12)
2015,시흥시,경기도시흥교육지원청,경기도 시흥시,시화초등학교,,공립,,N,,67,81,64,62,60,69,8,4,415(12)
2015,시흥시,경기도시흥교육지원청,경기도 시흥시,시흥매화초등학교,,공립,,N,,77,80,81,81,98,99,3,0,519(3)
2015,시흥시,경기도시흥교육지원청,경기도 시흥시,시흥은행초등학교,,공립,,N,,96,116,120,115,116,131,3,0,697(3)
2015,시흥시,경기도시흥교육지원청,경기도 시흥시,시흥초등학교,,공립,,N,,157,166,149,125,148,154,9,0,908(9)
2015,시흥시,경기도시흥교육지원청,경기도 시흥시,신천초등학교,,공립,,N,,87,89,88,91,85,116,10,0,566(10)
2015,시흥시,경기도시흥교육지원청,경기도 시흥시,월포초등학교,,공립,,N,,67,52,49,63,45,45,2,0,323(2)
2015,시흥시,경기도시흥교육지원청,경기도 시흥시,하중초등학교,,공립,,N,,127,147,144,135,161,138,7,0,859(7)
2015,시흥시,경기도시흥교육지원청,경기도 시흥시,함현초등학교,,공립,,N,,112,100,115,102,115,122,4,0,670(4)
2015,시흥시,경기도시흥교육지원청,경기도 시흥시,시흥장현초등학교,,공립,,N,,95,92,88,80,87,82,5,0,529(5)
2015,시흥시,경기도시흥교육지원청,경기도 시흥시,신천중학교,,공립,주간,N,,167,200,223,,,,13,0,603(13)
2015,시흥시,경기도시흥교육지원청,경기도 시흥시,장곡중학교,,공립,주간,N,,211,288,305,,,,10,0,814(10)
2015,시흥시,경기도시흥교육지원청,경기도 시흥시,정왕중학교,,공립,주간,N,,195,206,283,,,,7,4,695(11)
2015,시흥시,경기도시흥교육지원청,경기도 시흥시,함현중학교,,공립,주간,N,,237,277,328,,,,0,0,842(0)
2015,시흥시,경기도시흥교육지원청,경기도 시흥시,소래중학교,,공립,주간,N,,334,424,510,,,,0,0,1268(0)
2015,시흥시,경기도시흥교육지원청,경기도 시흥시,송운중학교,,공립,주간,N,,234,283,338,,,,8,0,863(8)
2015,시흥시,경기도시흥교육지원청,경기도 시흥시,시흥은행중학교,,공립,주간,N,,334,345,400,,,,15,0,1094(15)
2015,시흥시,경기도시흥교육지원청,경기도 시흥시,시흥중학교,,공립,주간,N,,210,261,303,,,,12,0,786(12)
2015,시흥시,경기도시흥교육지원청,경기도 시흥시,시흥능곡초등학교,,공립,,N,,173,193,171,178,189,167,4,0,1075(4)
2015,시흥시,경기도시흥교육지원청,경기도 시흥시,월곶중학교,,공립,주간,N,,151,130,148,,,,7,0,436(7)
2015,시흥시,경기도시흥교육지원청,경기도 시흥시,시화중학교,,공립,주간,N,,153,166,186,,,,6,0,511(6)
2015,시흥시,경기도시흥교육지원청,경기도 시흥시,논곡중학교,,공립,주간,N,,95,101,136,,,,3,0,335(3)
2015,시흥시,경기도시흥교육지원청,경기도 시흥시,웃터골초등학교,,공립,,N,,45,47,49,54,59,69,2,0,325(2)
2015,시흥시,경기도시흥교육지원청,경기도 시흥시,군자중학교,,공립,주간,N,,250,301,285,,,,8,0,844(8)
2015,시흥시,경기도시흥교육지원청,경기도 시흥시,대흥중학교,,공립,주간,N,,160,174,191,,,,6,0,531(6)
2015,시흥시,경기도시흥교육지원청,경기도 시흥시,서해중학교,,공립,주간,N,,214,229,289,,,,4,0,736(4)
2015,시흥시,경기도시흥교육지원청,경기도 시흥시,한국글로벌중학교,,사립,주간,N,,39,30,45,,,,0,0,114(0)
2015,시흥시,경기도시흥교육지원청,경기도 시흥시,시흥도원초등학교,,공립,,N,,74,90,100,93,113,143,7,0,620(7)
2015,시흥시,경기도시흥교육지원청,경기도 시흥시,시흥월곶초등학교,,공립,,N,,138,146,132,111,119,109,5,0,760(5)
2015,시흥시,경기도시흥교육지원청,경기도 시흥시,군서중학교,,공립,주간,N,,163,175,183,,,,4,0,525(4)
2015,시흥시,경기도시흥교육지원청,경기도 시흥시,시흥능곡중학교,,공립,주간,N,,223,237,264,,,,6,0,730(6)
2015,시흥시,경기도시흥교육지원청,경기도 시흥시,응곡중학교,,공립,주간,N,,182,232,253,,,,0,3,670(3)
2015,시흥시,경기도시흥교육지원청,경기도 시흥시,시흥매화중학교,,공립,주간,N,,135,174,193,,,,6,0,508(6)
2015,시흥시,경기도시흥교육지원청,경기도 시흥시,은계중학교,,공립,주간,N,,231,280,333,,,,5,0,849(5)
2015,시흥시,경기도교육청,경기도 시흥시,군자공업고등학교,,공립,주간,N,,222,256,267,,,,11,4,760(15)
2015,시흥시,경기도교육청,경기도 시흥시,은행고등학교,,공립,주간,N,,483,468,472,,,,22,3,1448(25)
2015,시흥시,경기도교육청,경기도 시흥시,장곡고등학교,,공립,주간,N,,328,325,321,,,,12,0,986(12)
2015,시흥시,경기도교육청,경기도 시흥시,정왕고등학교,,공립,주간,N,,379,410,484,,,,0,0,1273(0)
2015,시흥시,경기도교육청,경기도 시흥시,경기자동차과학고등학교,,사립,주간,N,,243,229,232,,,,0,0,704(0)
2015,시흥시,경기도교육청,경기도 시흥시,함현고등학교,,공립,주간,N,,301,287,269,,,,13,0,870(13)
2015,시흥시,경기도교육청,경기도 시흥시,시흥고등학교,,공립,주간,N,,443,473,458,,,,15,0,1389(15)
2015,시흥시,경기도교육청,경기도 시흥시,군서고등학교,,공립,주간,N,,380,371,358,,,,17,0,1126(17)
2015,시흥시,경기도교육청,경기도 시흥시,서해고등학교,,공립,주간,N,,415,407,426,,,,25,0,1273(25)
2015,시흥시,경기도시흥교육지원청,경기도 시흥시,시흥신일초등학교,,공립,,N,,130,149,129,147,170,172,8,0,905(8)
2015,시흥시,경기도교육청,경기도 시흥시,시흥능곡고등학교,,공립,주간,N,,401,367,364,,,,6,0,1138(6)
2015,시흥시,경기도교육청,경기도 시흥시,시흥매화고등학교,,공립,주간,N,,236,230,243,,,,3,0,712(3)
2015,시흥시,경기도교육청,경기도 시흥시,신천고등학교,,공립,주간,N,,299,297,298,,,,21,0,915(21)

